state_code,latitude,longitude,zip_code,city,labels,founded_at,first_funding_at,last_funding_at,age_first_funding_year,age_last_funding_year,age_first_milestone_year,age_last_milestone_year,relationships,funding_rounds,funding_total_usd,milestones,is_CA,is_NY,is_MA,is_TX,is_otherstate,category_code,is_software,is_web,is_mobile,is_enterprise,is_advertising,is_gamesvideo,is_ecommerce,is_biotech,is_consulting,is_othercategory,has_VC,has_angel,has_roundA,has_roundB,has_roundC,has_roundD,avg_participants,is_top500,status
CA,42.35888,-71.05682,92101,San Diego,1,1/1/2007,4/1/2009,1/1/2010,2.2493,3.0027,4.6685,6.7041,3,3,375000,3,1,0,0,0,0,music,0,0,0,0,0,0,0,0,0,1,0,1,0,0,0,0,1.0,0,acquired
CA,37.238916,-121.973718,95032,Los Gatos,1,1/1/2000,2/14/2005,12/28/2009,5.126,9.9973,7.0055,7.0055,9,4,40100000,1,1,0,0,0,0,enterprise,0,0,0,1,0,0,0,0,0,0,1,0,0,1,1,1,4.75,1,acquired
CA,32.901049,-117.192656,92121,San Diego,1,3/18/2009,3/30/2010,3/30/2010,1.0329,1.0329,1.4575,2.2055,5,1,2600000,2,1,0,0,0,0,web,0,1,0,0,0,0,0,0,0,0,0,0,1,0,0,0,4.0,1,acquired
CA,37.320309,-122.05004,95014,Cupertino,1,1/1/2002,2/17/2005,4/25/2007,3.1315,5.3151,6.0027,6.0027,5,3,40000000,1,1,0,0,0,0,software,1,0,0,0,0,0,0,0,0,0,0,0,0,1,1,1,3.3333,1,acquired
CA,37.779281,-122.419236,94105,San Francisco,0,8/1/2010,8/1/2010,4/1/2012,0.0,1.6685,0.0384,0.0384,2,2,1300000,1,1,0,0,0,0,games_video,0,0,0,0,0,1,0,0,0,0,1,1,0,0,0,0,1.0,1,closed
CA,37.406914,-122.09037,94043,Mountain View,0,1/1/2002,7/18/2006,7/18/2006,4.5452,4.5452,5.0027,5.0027,3,1,7500000,1,1,0,0,0,0,network_hosting,0,0,0,0,0,0,0,0,0,1,0,0,0,1,0,0,3.0,1,closed
CA,37.3915589,-122.0702643,94041,Mountain View,1,1/1/2005,9/21/2006,3/18/2010,1.7205,5.211,3.0,6.6082,6,3,26000000,2,1,0,0,0,0,software,1,0,0,0,0,0,0,0,0,0,1,0,1,1,0,0,1.6667,1,acquired
CA,38.057107,-122.513742,94901,San Rafael,1,1/1/2004,8/24/2005,10/4/2010,1.6466,6.7616,5.6055,7.3616,25,3,34100000,3,1,0,0,0,0,finance,0,0,0,0,0,0,0,0,0,1,0,0,1,1,0,1,3.5,1,acquired
MA,42.712207,-73.203599,1267,Williamstown,1,1/1/2002,8/2/2005,2/8/2013,3.5863,11.1123,8.0055,9.9945,13,3,9650000,4,0,0,1,0,0,mobile,0,0,1,0,0,0,0,0,0,0,1,0,1,0,0,1,4.0,1,acquired
CA,37.427235,-122.145783,94306,Palo Alto,1,6/1/2005,2/1/2007,2/5/2010,1.6712,4.6849,2.9178,6.1151,14,3,5750000,4,1,0,0,0,0,web,0,1,0,0,0,0,0,0,0,0,1,1,1,0,0,0,1.0,1,acquired
CA,37.4429885,-122.1624131,94025,Menlo Park,1,11/15/2000,7/1/2005,4/26/2010,4.6274,9.4493,10.1342,10.6493,22,3,27500000,3,1,0,0,0,0,mobile,0,0,1,0,0,0,0,0,0,0,0,0,1,1,0,0,1.0,1,acquired
CA,37.452992,-122.185098,94025,Menlo Park,0,1/1/2006,2/1/2007,5/3/2011,1.0849,5.3370000000000015,-0.6164,4.6082,8,5,10400000,2,1,0,0,0,0,web,0,1,0,0,0,0,0,0,0,0,1,1,1,0,0,0,1.75,1,closed
KY,38.241467,-85.72451099999998,40204,Louisville,0,1/1/2004,11/25/2008,11/25/2008,4.9041,4.9041,0.0,0.0,0,1,350000,0,0,0,0,0,1,web,0,1,0,0,0,0,0,0,0,0,1,0,0,0,0,0,1.0,0,closed
NY,40.70276,-73.98666800000002,11201,Brooklyn,1,11/26/2007,12/3/2007,5/3/2010,0.0192,2.4356,0.7945,4.3781,15,3,9950000,3,0,1,0,0,0,education,0,0,0,0,0,0,0,0,0,1,0,0,1,1,1,0,2.3333,1,acquired
CO,39.74627279999999,-104.9911572,80202,Denver,1,1/1/2001,8/31/2005,12/29/2009,4.6658,8.9973,8.8384,8.8384,12,5,10700000,1,0,0,0,0,1,software,1,0,0,0,0,0,0,0,0,0,0,0,1,1,0,0,2.5,1,acquired
VA,38.901301,-77.265158,22182,Vienna,0,1/1/1999,8/9/2005,8/9/2005,6.6082,6.6082,0.0,0.0,0,1,200000,0,0,0,0,0,1,public_relations,0,0,0,0,0,0,0,0,0,1,1,0,0,0,0,0,1.0,0,closed
CA,37.39628270000001,-122.105531,94022,Los Altos,0,1/1/2003,8/2/2005,10/5/2009,2.5863,6.7644,5.5014,5.5014,8,5,49000000,1,1,0,0,0,0,security,0,0,0,0,0,0,0,0,0,1,1,0,1,1,1,1,3.5,1,closed
CA,37.590339,-122.341715,94010,Burlingame,1,7/1/2000,2/1/2005,9/1/2007,4.5918,7.1726,-0.4986,12.6795,7,4,25000000,3,1,0,0,0,0,games_video,0,0,0,0,0,1,0,0,0,0,0,0,1,1,1,1,3.5,1,acquired
NY,40.730646,-73.986614,10004,New York,1,1/1/2010,9/29/2010,8/1/2011,0.7425,1.5808,1.2849,3.0027,10,3,4575000,3,0,1,0,0,0,web,0,1,0,0,0,0,0,0,0,0,0,1,1,0,0,0,5.0,1,acquired
CA,37.446411,-122.16054,94301,Palo Alto,0,1/1/2007,7/2/2009,10/30/2009,2.5014,2.8301,3.0877,3.4932,13,2,28000000,3,1,0,0,0,0,enterprise,0,0,0,1,0,0,0,0,0,0,0,0,1,1,0,0,1.0,1,closed
TX,30.2350399,-97.80012990000002,78735,Austin,1,1/1/2001,3/20/2003,10/14/2004,2.2137,3.7863,4.0877,9.4986,8,2,4355000,3,0,0,0,1,0,software,1,0,0,0,0,0,0,0,0,0,0,1,1,0,0,0,1.5,0,acquired
WA,47.6026054,-122.2848651,98122,Seattle,0,1/1/2004,10/31/2007,10/31/2007,3.8329,3.8329,3.7507,3.7507,3,1,15000000,1,0,0,0,0,1,other,0,0,0,0,0,0,0,0,0,1,0,0,0,1,0,0,2.0,1,closed
CA,37.426316,-122.141082,94306,Palo Alto,0,1/1/2002,6/28/2007,6/28/2007,5.4904,5.4904,0.0,0.0,1,1,3170000,1,1,0,0,0,0,web,0,1,0,0,0,0,0,0,0,0,0,0,1,0,0,0,2.0,0,closed
CA,37.764395,-122.401024,94103,San Francisco,0,1/1/2008,1/1/2007,4/25/2011,-1.0,3.3151,3.6959,5.662999999999999,4,2,2300000,3,1,0,0,0,0,mobile,0,0,1,0,0,0,0,0,0,0,0,1,1,0,0,0,2.0,0,closed
CO,40.010492,-105.276843,80302,Boulder,0,5/1/2007,8/1/2007,9/1/2007,0.2521,0.337,0.0,0.0,5,2,455000,0,0,0,0,0,1,public_relations,0,0,0,0,0,0,0,0,0,1,0,1,1,0,0,0,4.5,1,closed
IL,41.875555,-87.624421,60601,Chicago,1,1/1/2002,11/3/2006,11/3/2006,4.8411,4.8411,1.0,1.0,3,1,13000000,1,0,0,0,0,1,software,1,0,0,0,0,0,0,0,0,0,0,0,0,0,1,0,4.0,1,acquired
CA,37.429676,-122.1085482,94303,Palo Alto,1,1/1/2003,1/22/2007,1/22/2007,4.0603,4.0603,3.0027,3.0027,7,1,15000000,1,1,0,0,0,0,public_relations,0,0,0,0,0,0,0,0,0,1,0,0,0,0,1,0,4.0,1,acquired
CA,37.870102,-122.268136,94704,Berkeley,1,6/1/2008,6/25/2012,6/25/2012,4.0685,4.0685,3.4192,5.2301,2,1,3800000,3,1,0,0,0,0,photo_video,0,0,0,0,0,0,0,0,0,1,0,0,0,1,0,0,2.0,1,acquired
TX,30.2653441,-97.7435857,78701,Austin,1,5/1/2007,11/1/2009,11/10/2011,2.5068,4.5315,4.9315,5.6767,37,5,299500000,2,0,0,0,1,0,web,0,1,0,0,0,0,0,0,0,0,1,0,1,0,1,0,1.75,1,acquired
CA,33.708708,-117.852069,92705,Santa Ana,1,5/24/2005,8/1/2006,8/1/2006,1.189,1.189,2.189,7.7753,5,1,1000000,3,1,0,0,0,0,hardware,0,0,0,0,0,0,0,0,0,1,1,0,0,0,0,0,2.0,1,acquired
CA,37.422859,-122.045217,94035,Moffett Field,0,1/1/2007,5/9/2008,3/1/2009,1.3534,2.1644,4.5178,4.5178,3,2,10500000,1,1,0,0,0,0,other,0,0,0,0,0,0,0,0,0,1,0,0,1,1,0,0,2.0,1,closed
WA,47.603832,-122.330062,98119,Seattle,1,1/1/2001,2/25/2005,3/2/2006,4.1534,5.1671,3.0,3.0,6,2,8600000,1,0,0,0,0,1,public_relations,0,0,0,0,0,0,0,0,0,1,1,0,0,1,0,0,1.5,1,acquired
NC,36.002893,-78.904075,27701,Durham,0,10/1/2006,8/1/2006,10/7/2008,-0.1671,2.0192,0.0,0.0,9,2,5000000,0,0,0,0,0,1,software,1,0,0,0,0,0,0,0,0,0,0,0,1,1,0,0,2.5,1,closed
CA,37.779281,-122.419236,94105,San Francisco,1,1/1/2011,1/1/2011,11/14/2011,0.0,0.8685,0.4137,2.1671,3,2,2304999,2,1,0,0,0,0,mobile,0,0,1,0,0,0,0,0,0,0,1,0,0,0,0,0,5.0,1,acquired
PA,40.441694,-79.990086,15219,Pittsburgh,0,6/1/2009,7/1/2009,7/1/2009,0.0822,0.0822,0.0,0.0,2,1,25000,0,0,0,0,0,1,security,0,0,0,0,0,0,0,0,0,1,0,1,0,0,0,0,1.0,0,closed
NY,40.73901,-73.997259,10011,New York,0,7/1/2004,2/26/2007,2/26/2007,2.6575,2.6575,0.0,0.0,1,1,4000000,1,0,1,0,0,0,software,1,0,0,0,0,0,0,0,0,0,0,0,0,1,0,0,1.0,1,closed
CA,37.791137,-122.391843,94111,San Francisco,0,1/1/2007,8/15/2007,8/5/2008,0.6192,1.5945,1.0,4.3315,8,2,14600000,3,1,0,0,0,0,software,1,0,0,0,0,0,0,0,0,0,0,0,1,1,0,0,2.0,1,closed
CA,37.404788,-121.940842,95134,San Jose,0,1/1/2005,1/24/2006,9/13/2010,1.063,5.7014,0.0,0.0,0,3,44000000,0,1,0,0,0,0,hardware,0,0,0,0,0,0,0,0,0,1,0,0,0,1,1,0,4.5,1,closed
CA,37.7795014,-122.3948712,94107,San Francisco,1,10/1/2008,12/1/2008,5/26/2011,0.1671,2.6493,0.6082,4.7507,10,3,1822922,3,1,0,0,0,0,ecommerce,0,0,0,0,0,0,1,0,0,0,0,1,1,0,0,0,2.3333,1,acquired
NY,40.755446,-73.980246,10010,New York,1,3/1/2006,3/1/2006,1/24/2012,0.0,5.9041,3.8411,7.1370000000000005,18,7,29915001,5,0,1,0,0,0,advertising,0,0,0,0,1,0,0,0,0,0,1,1,1,1,1,0,2.75,1,acquired
GA,33.756806,-84.392198,30303,Atlanta,1,5/1/2006,5/1/2006,2/17/2011,0.0,4.8027,3.7205,7.6164,26,4,33000000,5,0,0,0,0,1,enterprise,0,0,0,1,0,0,0,0,0,0,0,0,1,1,1,0,3.0,1,acquired
NH,42.99564,-71.454789,3101,Manchester,1,8/1/2011,8/1/2011,3/1/2012,0.0,0.5836,0.5836,0.5945,9,2,125000,2,0,0,0,0,1,mobile,0,0,1,0,0,0,0,0,0,0,0,1,0,0,0,0,1.0,0,acquired
CA,40.01573320000001,-105.275027,94025,Menlo Park,0,1/1/2008,2/8/2008,5/21/2010,0.1041,2.3863,2.3315,2.7918,7,2,4000000,2,1,0,0,0,0,travel,0,0,0,0,0,0,0,0,0,1,1,0,1,0,0,0,1.0,1,closed
WA,47.63609,-122.327028,98102,Seattle,1,5/11/2004,11/6/2007,11/6/2007,3.4904,3.4904,5.6603,8.3425,10,1,10000000,3,0,0,0,0,1,enterprise,0,0,0,1,0,0,0,0,0,0,0,0,0,0,1,0,2.0,1,acquired
CA,37.4049731,-122.0323525,94089,Sunnyvale,1,1/1/2002,8/31/2006,8/31/2006,4.6658,4.6658,8.7425,10.2247,25,1,6000000,4,1,0,0,0,0,advertising,0,0,0,0,1,0,0,0,0,0,0,0,0,0,1,0,3.0,1,acquired
CA,37.36883,-122.03635,94085,Sunnyvale,1,1/1/2003,8/16/2005,8/16/2005,2.6247,2.6247,0.0,0.0,4,1,25000000,0,1,0,0,0,0,software,1,0,0,0,0,0,0,0,0,0,0,0,0,1,0,0,5.0,1,acquired
NY,40.730646,-73.986614,100011,New York,1,12/1/2009,11/4/2010,11/13/2012,0.926,2.9534,0.8329,2.7425,2,3,3750000,3,0,1,0,0,0,fashion,0,0,0,0,0,0,0,0,0,1,0,1,1,0,0,0,2.0,1,acquired
MA,42.3751,-71.105616,2139,Cambridge,1,10/17/2009,1/15/2010,1/15/2010,0.2466,0.2466,1.1178,1.663,9,1,3000000,2,0,0,1,0,0,software,1,0,0,0,0,0,0,0,0,0,0,0,1,0,0,0,1.0,1,acquired
CA,37.779281,-122.419236,94607,San Francisco,1,5/24/2010,8/1/2010,8/1/2011,0.189,1.189,1.3562,1.6575,6,2,1155000,2,1,0,0,0,0,software,1,0,0,0,0,0,0,0,0,0,0,1,0,0,0,0,9.5,1,acquired
CA,37.560781,-122.284114,94404,San Mateo,1,10/1/2002,12/15/2005,12/15/2005,3.2082,3.2082,5.2548,7.8822,11,1,10000000,2,1,0,0,0,0,software,1,0,0,0,0,0,0,0,0,0,0,0,0,0,0,1,2.0,1,acquired
CA,37.658313,-122.391032,94080,South San Francisco,1,1/1/2006,8/1/2008,8/1/2008,2.5836,2.5836,2.0,2.0,5,1,3000000,1,1,0,0,0,0,web,0,1,0,0,0,0,0,0,0,0,0,0,1,0,0,0,1.0,1,acquired
MA,42.360253,-71.058291,2210,Boston,1,1/1/2009,11/23/2010,6/13/2011,1.8932,2.4466,2.0,3.2767,4,2,11500000,3,0,0,1,0,0,mobile,0,0,1,0,0,0,0,0,0,0,0,0,0,0,0,0,1.0,1,acquired
TX,30.321464,-97.75501,78731,Austin,1,11/1/2004,8/1/2005,8/1/2005,0.7479,0.7479,4.0493,8.3233,12,1,5000000,5,0,0,0,1,0,web,0,1,0,0,0,0,0,0,0,0,0,0,1,0,0,0,3.0,1,acquired
MA,42.37564,-71.2358,2451,Waltham,1,1/1/2000,3/8/2005,10/23/2006,5.1863,6.8137,7.3342,7.3342,9,2,29000000,1,0,0,1,0,0,public_relations,0,0,0,0,0,0,0,0,0,1,1,0,0,0,0,1,5.0,1,acquired
CA,37.7870842,-122.4038047,94103,San Francisco,1,5/1/2006,1/1/2007,7/23/2012,0.6712,6.2329,4.0493,7.5973,37,6,34700000,4,1,0,0,0,0,enterprise,0,0,0,1,0,0,0,0,0,0,1,1,1,1,1,1,5.0,1,acquired
CA,37.441537,-122.158332,94301,Palo Alto,0,1/1/2004,3/9/2005,7/1/2007,1.1863,3.4986,0.0,0.0,0,2,12050000,0,1,0,0,0,0,software,1,0,0,0,0,0,0,0,0,0,1,0,1,0,0,0,2.0,1,closed
CA,37.445586,-122.161929,95128,Palo Alto,1,1/1/2006,3/1/2008,10/5/2010,2.1644,4.7616,4.0027,6.7534,13,3,12000000,2,1,0,0,0,0,analytics,0,0,0,0,0,0,0,0,0,1,1,0,1,1,0,0,2.0,1,acquired
CA,33.5842816,-117.7306817,92656,Aliso Viejo,1,2/1/2005,3/10/2009,3/10/2009,4.1041,4.1041,1.9151,1.9151,18,1,5500000,1,1,0,0,0,0,consulting,0,0,0,0,0,0,0,0,1,0,0,0,0,0,1,0,2.0,1,acquired
CA,37.402773,-122.052551,94089,Sunnyvale,1,7/1/2007,6/26/2009,8/25/2011,1.989,4.1534,2.8986,5.2575,10,3,24000000,4,1,0,0,0,0,software,1,0,0,0,0,0,0,0,0,0,0,0,1,1,0,0,3.3333,1,acquired
MO,39.103151,-94.581908,64106,Kansas City,1,7/1/2000,9/12/2005,9/7/2006,5.2027,6.189,7.5068,12.8932,6,2,10000000,2,0,0,0,0,1,mobile,0,0,1,0,0,0,0,0,0,0,0,0,1,1,0,0,4.5,1,acquired
MA,42.546483,-71.17366700000002,1887,Wilmington,0,12/1/1999,9/12/2002,11/10/2010,2.7836,10.9507,-1.9151,-1.9151,10,3,19009671,1,0,0,1,0,0,biotech,0,0,0,0,0,0,0,1,0,0,0,0,0,1,0,0,2.0,1,closed
CA,37.805289,-122.404448,94111,San Francisco,0,1/1/2005,7/1/2008,7/1/2008,3.4986,3.4986,3.0,3.0,6,1,5000000,1,1,0,0,0,0,cleantech,0,0,0,0,0,0,0,0,0,1,0,0,1,0,0,0,1.0,1,closed
WA,47.675489,-122.191667,98033-6314,Kirkland,1,1/1/2001,1/17/2005,4/20/2010,4.0466,9.3041,6.0027,6.0027,2,5,18914576,1,0,0,0,0,1,enterprise,0,0,0,1,0,0,0,0,0,0,1,0,0,0,1,0,3.0,1,acquired
FL,27.951849,-82.456397,33609,Tampa,0,1/1/2001,5/16/2007,5/16/2007,6.3726,6.3726,0.0,0.0,0,1,4000000,0,0,0,0,0,1,software,1,0,0,0,0,0,0,0,0,0,1,0,0,0,0,0,3.0,0,closed
MA,42.360253,-71.058291,02111-1720,Boston,1,12/1/2008,3/30/2010,9/13/2011,1.3259999999999998,2.7836,1.6740000000000002,3.1342,5,3,2030882,2,0,0,1,0,0,software,1,0,0,0,0,0,0,0,0,0,0,0,1,0,0,0,3.0,1,acquired
CA,37.7831775,-122.3086191,94501,Alameda,1,1/1/2006,8/23/2008,8/23/2008,2.6438,2.6438,0.0,7.3918,4,1,5000000,2,1,0,0,0,0,cleantech,0,0,0,0,0,0,0,0,0,1,0,0,0,1,0,0,1.0,1,acquired
WA,47.765758,-122.184304,98011,Bothell,0,12/1/1999,1/1/2001,1/1/2001,1.0877,1.0877,0.0,0.0,5,1,20500000,0,0,0,0,0,1,software,1,0,0,0,0,0,0,0,0,0,1,0,0,0,0,0,4.0,1,closed
CO,40.730646,-73.986614,80302,Boulder,1,2/2/2006,1/18/2010,8/9/2012,3.9616,6.5205,4.5781,7.6877,4,2,13250000,4,0,0,0,0,1,advertising,0,0,0,0,1,0,0,0,0,0,1,0,0,0,0,0,2.0,0,acquired
CA,37.54763,-122.307887,94403-1855,San Mateo,1,1/1/2000,4/2/2007,4/2/2007,7.2548,7.2548,7.0055,7.0055,7,1,12000000,1,1,0,0,0,0,security,0,0,0,0,0,0,0,0,0,1,0,0,0,0,0,0,2.0,1,acquired
CA,37.790485,-122.40094,94104,San Francisco,1,9/1/2005,1/1/2007,9/9/2008,1.3342,3.0247,3.0219,3.337,9,3,11489687,2,1,0,0,0,0,advertising,0,0,0,0,1,0,0,0,0,0,0,1,1,1,0,0,3.3333,1,acquired
CA,37.7870923,-122.3999719,94105,San Francisco,1,1/1/2008,9/5/2008,9/5/2008,0.6795,0.6795,2.9178,4.2274,15,1,4000000,3,1,0,0,0,0,web,0,1,0,0,0,0,0,0,0,0,0,0,1,0,0,0,3.0,1,acquired
CA,37.3492097,-122.0326019,94087,Sunnyvale,1,6/12/2012,6/1/2012,6/1/2012,-0.0301,-0.0301,0.1369999999999999,0.1369999999999999,3,1,355000,1,1,0,0,0,0,software,1,0,0,0,0,0,0,0,0,0,0,1,0,0,0,0,1.0,0,acquired
FL,28.098905,-82.400087,33626,Tampa,1,1/1/2006,1/1/2006,4/1/2006,0.0,0.2466,2.4164,5.3151,10,2,118000,3,0,0,0,0,1,web,0,1,0,0,0,0,0,0,0,0,0,1,0,0,0,0,1.5,1,acquired
CA,37.779026,-122.40184,94103,San Francisco,1,1/1/2003,9/1/2004,5/1/2012,1.6685,9.337,7.3808,10.474,17,4,40400000,3,1,0,0,0,0,advertising,0,0,0,0,1,0,0,0,0,0,0,0,1,1,1,1,1.6667,1,acquired
TX,32.9583632,-96.8215658,75001,Dallas,0,1/1/2007,10/21/2008,10/21/2008,1.8055,1.8055,0.0,0.0,1,1,3000000,0,0,0,0,1,0,software,1,0,0,0,0,0,0,0,0,0,0,0,1,0,0,0,1.0,1,closed
CA,37.54827,-121.988572,94538,Fremont,0,1/1/2003,9/12/2005,1/1/2007,2.6986,4.0027,1.0,1.0,2,2,19700000,1,1,0,0,0,0,software,1,0,0,0,0,0,0,0,0,0,1,0,0,1,0,0,4.0,1,closed
CA,37.354469,-121.990433,95051,Santa Clara,0,1/1/1998,3/1/2007,3/12/2007,9.1671,9.1973,0.0,0.0,0,2,17800000,0,1,0,0,0,0,software,1,0,0,0,0,0,0,0,0,0,1,0,0,0,0,0,1.0,1,closed
CA,37.779281,-122.419236,94107,San Francisco,1,3/1/2010,3/5/2010,4/5/2012,0.011,2.0986,3.0904,3.7836,12,3,57500000,3,1,0,0,0,0,photo_video,0,0,0,0,0,0,0,0,0,1,0,1,1,1,0,0,4.0,1,acquired
NY,40.606061,-73.822331,10004,New York,1,1/1/2006,9/1/2006,1/14/2009,0.6658,3.0384,2.0,5.0548,10,3,17200000,5,0,1,0,0,0,games_video,0,0,0,0,0,1,0,0,0,0,0,0,1,1,1,0,2.6667,1,acquired
MA,42.3751,-71.105616,2138,Cambridge,0,8/1/2008,1/1/2008,12/4/2009,-0.5836,1.3425,0.0,1.5479,4,7,457282,2,0,0,1,0,0,mobile,0,0,1,0,0,0,0,0,0,0,1,1,0,0,0,0,1.0,1,closed
CA,37.779281,-122.419236,94105,San Francisco,1,9/9/2010,9/1/2010,9/20/2012,-0.0219,2.0329,2.3151,3.1644,11,4,18500000,3,1,0,0,0,0,mobile,0,0,1,0,0,0,0,0,0,0,0,1,1,1,0,0,2.25,1,acquired
NJ,40.349274,-74.659296,8540,Princeton,0,1/1/2008,1/17/2010,1/17/2010,2.0466,2.0466,0.0,0.0,2,1,12000000,0,0,0,0,0,1,cleantech,0,0,0,0,0,0,0,0,0,1,0,0,1,0,0,0,6.0,1,closed
CO,40.397761,-105.07498,80538,Loveland,0,1/1/2007,7/6/2010,12/15/2010,3.5123,3.9562,3.9534,4.8356,5,2,510000000,3,0,0,0,0,1,cleantech,0,0,0,0,0,0,0,0,0,1,1,0,0,0,0,0,2.5,1,closed
CA,37.420428,-122.090769,94043,Mountain View,1,1/1/2002,12/7/2005,9/6/2006,3.9342,4.6822,4.0027,4.0027,3,2,18250000,1,1,0,0,0,0,search,0,0,0,0,0,0,0,0,0,1,0,0,1,1,0,0,2.5,1,acquired
NY,40.725435,-73.997395,10012,New York,1,9/1/2004,10/30/2006,4/21/2010,2.1616,5.6384,3.8329,7.6932,13,4,41500019,5,0,1,0,0,0,music,0,0,0,0,0,0,0,0,0,1,0,0,0,0,1,0,4.0,1,acquired
WV,39.388156,-77.885552,25430,Kearneysville,0,1/1/2000,6/9/2005,6/9/2005,5.4411,5.4411,0.0,0.0,1,1,1000000,0,0,0,0,0,1,software,1,0,0,0,0,0,0,0,0,0,0,0,1,0,0,0,3.0,0,closed
CA,34.043948,-118.468204,90025,Los Angeles,1,4/1/2006,5/18/2007,5/18/2007,1.1288,1.1288,1.0,2.6767,7,1,5000000,2,1,0,0,0,0,web,0,1,0,0,0,0,0,0,0,0,0,0,1,0,0,0,1.0,1,acquired
MI,42.350749,-83.44458900000002,48187,Canton,0,1/1/2001,11/19/2008,8/30/2011,7.8877,10.6658,0.4137,0.4137,2,3,42700000,1,0,0,0,0,1,cleantech,0,0,0,0,0,0,0,0,0,1,1,0,0,1,0,0,3.6667,1,closed
CA,37.388869,-122.072353,94041,Mountain View,0,1/1/2013,11/19/2013,11/19/2013,0.8822,0.8822,0.0,0.0,7,1,12000000,0,1,0,0,0,0,ecommerce,0,0,0,0,0,0,1,0,0,0,1,0,0,0,0,0,9.0,1,closed
WA,47.614018,-122.19655,98004,Bellevue,1,1/1/2003,7/11/2005,2/7/2006,2.526,3.1041,3.0027,9.126,5,2,22300000,2,0,0,0,0,1,software,1,0,0,0,0,0,0,0,0,0,0,0,0,1,1,0,4.5,1,acquired
CA,37.406217,-121.976473,95054,Santa Clara,1,1/1/2002,1/1/2006,11/13/2009,4.0027,7.8712,0.1616,0.1616,5,2,10000000,1,1,0,0,0,0,semiconductor,0,0,0,0,0,0,0,0,0,1,1,0,0,1,0,0,4.0,1,acquired
DC,37.09024,-95.712891,20007,Washington,0,5/1/2005,7/1/2006,12/29/2009,1.1671,4.6658,0.0,0.0,1,3,15564591,0,0,0,0,0,1,advertising,0,0,0,0,1,0,0,0,0,0,1,0,0,1,1,0,3.5,1,closed
CA,37.779281,-122.419236,94105,San Francisco,1,1/1/2007,7/28/2009,7/28/2009,2.5726,2.5726,2.4795,4.6685,7,1,500000,2,1,0,0,0,0,web,0,1,0,0,0,0,0,0,0,0,0,1,0,0,0,0,5.0,1,acquired
CA,37.779281,-122.419236,94110,San Francisco,1,12/21/2010,2/1/2011,4/23/2012,0.1151,1.3397,1.8329,2.6712,24,2,8950000,2,1,0,0,0,0,analytics,0,0,0,0,0,0,0,0,0,1,0,0,1,0,0,0,7.0,1,acquired
NY,40.753881,-73.978852,10173,New York,1,1/1/2006,10/1/2007,10/26/2010,1.7479,4.8192,4.0027,4.8192,8,4,55350000,2,0,1,0,0,0,finance,0,0,0,0,0,0,0,0,0,1,0,0,1,1,1,1,4.0,1,acquired
CA,37.406914,-122.09037,94043,Mountain View,0,1/1/2002,9/21/2005,9/21/2005,3.7233,3.7233,0.0,0.0,1,1,4000000,0,1,0,0,0,0,public_relations,0,0,0,0,0,0,0,0,0,1,0,0,0,1,0,0,3.0,1,closed
IL,41.878984,-87.637,60606,Chicago,1,1/1/2006,9/13/2007,7/6/2012,1.6986,6.5151,3.2849,4.9315,3,5,10764323,3,0,0,0,0,1,software,1,0,0,0,0,0,0,0,0,0,1,0,1,0,0,0,2.0,1,acquired
NJ,40.535316,-74.521435,8873,Somerset,0,1/1/2007,5/29/2008,5/29/2008,1.4082,1.4082,0.0,0.0,1,1,5500000,1,0,0,0,0,1,software,1,0,0,0,0,0,0,0,0,0,1,0,0,0,0,0,3.0,1,closed
CA,37.779281,-122.419236,94105,San Francisco,1,1/1/2008,4/13/2012,4/13/2012,4.2849,4.2849,2.4164,5.5151,7,1,400000,2,1,0,0,0,0,social,0,0,0,0,0,0,0,0,0,1,0,1,0,0,0,0,3.0,1,acquired
CA,37.863464,-122.3153453,94710,Berkeley,0,1/1/2007,10/2/2007,1/5/2010,0.7507,3.0137,0.0,0.0,3,3,54000000,0,1,0,0,0,0,cleantech,0,0,0,0,0,0,0,0,0,1,1,0,0,0,1,0,2.6667,1,closed
GA,34.070958000000005,-84.274733,30009,Alpharetta,0,1/1/1985,10/17/2005,10/17/2005,20.8055,20.8055,0.0,0.0,2,1,32000000,0,0,0,0,0,1,software,1,0,0,0,0,0,0,0,0,0,0,0,0,1,0,0,7.0,1,closed
WA,39.78373,-100.445882,98104,Seattle,1,1/1/2000,10/14/2005,10/14/2005,5.789,5.789,0.0,0.0,1,1,13000000,0,0,0,0,0,1,software,1,0,0,0,0,0,0,0,0,0,0,0,0,0,0,1,4.0,1,acquired
WA,47.614422,-122.192337,98004,Bellevue,1,1/1/2005,2/1/2005,4/10/2006,0.0849,1.2712,0.0,0.0,5,3,12500000,0,0,0,0,0,1,software,1,0,0,0,0,0,0,0,0,0,1,0,1,1,0,0,2.3333,1,acquired
CA,37.314002,-121.932365,95128,San Jose,1,1/1/2004,5/8/2006,4/11/2012,2.3507,8.2822,1.0027,8.2849,16,4,38064570,2,1,0,0,0,0,security,0,0,0,0,0,0,0,0,0,1,1,0,0,1,1,1,3.0,1,acquired
CA,37.748676,-122.415813,94110,San Francisco,1,7/1/2007,1/1/2007,10/1/2008,-0.4959,1.2548,2.1726,4.6,21,2,6000000,2,1,0,0,0,0,web,0,1,0,0,0,0,0,0,0,0,0,1,1,0,0,0,4.0,1,acquired
VA,38.030823,-78.48158000000002,22902,Charlottesville,0,6/1/2006,11/17/2008,3/31/2011,2.4658,4.8329,0.5863,5.6164,4,2,5000000,6,0,0,0,0,1,web,0,1,0,0,0,0,0,0,0,0,0,0,1,1,0,0,1.0,0,closed
VA,39.035298,-77.430125,20166,Dulles,1,1/1/2000,1/1/2000,2/7/2007,0.0,7.1068,6.0055,10.9041,9,3,59000000,3,0,0,0,0,1,software,1,0,0,0,0,0,0,0,0,0,1,0,0,0,1,0,2.0,1,acquired
IL,39.78373,-100.445882,60607,Chicago,0,8/1/2011,8/13/2012,8/13/2012,1.0356,1.0356,0.0,1.0356,2,1,1000000,2,0,0,0,0,1,web,0,1,0,0,0,0,0,0,0,0,0,1,0,0,0,0,1.0,0,closed
CA,37.758062,-122.418642,94110,San Francisco,1,1/1/2007,9/21/2009,9/21/2009,2.7233,2.7233,0.9151,6.3096,5,1,600000,3,1,0,0,0,0,web,0,1,0,0,0,0,0,0,0,0,0,1,0,0,0,0,7.0,1,acquired
CT,41.85361500000001,-72.70375,6002,Bloomfield,0,1/1/2006,11/1/2008,2/20/2009,2.8356,3.1397,3.3781,3.7753,0,2,125000000,2,0,0,0,0,1,mobile,0,0,1,0,0,0,0,0,0,0,0,0,1,1,0,0,2.0,1,closed
CA,34.01052,-118.495981,60401,Santa Monica,1,1/15/2007,11/1/2007,12/9/2009,0.7945,2.9014,3.0493,6.5233,11,2,2750000,3,1,0,0,0,0,web,0,1,0,0,0,0,0,0,0,0,0,1,1,0,0,0,4.0,1,acquired
CA,37.3821368,-121.970505,95054,Santa Clara,1,1/1/2003,12/1/2005,9/25/2007,2.9178,4.7342,0.0,0.0,1,2,30000000,0,1,0,0,0,0,network_hosting,0,0,0,0,0,0,0,0,0,1,0,0,1,1,0,0,2.5,1,acquired
CA,37.433646,-121.886704,95035-6261,Milpitas,0,1/1/2003,1/5/2007,1/5/2007,4.0137,4.0137,0.0,0.0,0,1,7000000,0,1,0,0,0,0,semiconductor,0,0,0,0,0,0,0,0,0,1,0,0,0,0,1,0,1.0,0,closed
CA,37.45604,-122.165399,94025,Menlo Park,1,1/1/2006,5/31/2006,5/31/2006,0.411,0.411,0.0,2.5342,10,1,6100000,2,1,0,0,0,0,search,0,0,0,0,0,0,0,0,0,1,0,0,0,1,0,0,4.0,1,acquired
CA,32.721834,-117.161797,92101,San Diego,0,10/1/2010,4/13/2011,9/1/2012,0.5315,1.9205,2.2548,2.9781,12,3,2100000,2,1,0,0,0,0,enterprise,0,0,0,1,0,0,0,0,0,0,1,1,0,0,0,0,4.0,1,closed
CA,37.779281,-122.419236,94103,San Francisco,1,9/9/2009,11/1/2009,3/11/2010,0.1452,0.5014,0.4959,3.011,10,2,2565000,3,1,0,0,0,0,mobile,0,0,1,0,0,0,0,0,0,0,0,1,1,0,0,0,3.5,1,acquired
CA,37.584103000000006,-122.366082,94010,Burlingame,0,1/1/1997,10/3/2007,10/3/2007,10.7589,10.7589,0.0,0.0,0,1,2000000,0,1,0,0,0,0,biotech,0,0,0,0,0,0,0,1,0,0,0,0,0,0,0,0,1.0,0,closed
NC,35.76524000000001,-78.731161,27606,Raleigh,1,1/1/2003,7/26/2005,9/8/2008,2.5671,5.6904,2.0027,2.0027,3,3,22400000,1,0,0,0,0,1,network_hosting,0,0,0,0,0,0,0,0,0,1,1,0,0,1,1,0,3.6667,1,acquired
NY,40.740441,-73.993376,10011,New York,1,6/1/2005,7/1/2006,7/1/2006,1.0822,1.0822,6.0027,6.0027,12,1,6250000,1,0,1,0,0,0,ecommerce,0,0,0,0,0,0,1,0,0,0,0,0,1,0,0,0,1.0,0,acquired
NY,40.750519,-73.993494,10001,New York,1,2/1/2010,11/1/2011,11/1/2011,1.7479,1.7479,1.0,2.1096,4,1,575000,2,0,1,0,0,0,web,0,1,0,0,0,0,0,0,0,0,0,1,0,0,0,0,6.0,0,acquired
MA,42.387597,-71.099497,2143,Somerville,0,8/1/2009,8/1/2009,3/1/2010,0.0,0.5808,0.0,0.0,1,2,53000,1,0,0,1,0,0,web,0,1,0,0,0,0,0,0,0,0,0,1,0,0,0,0,1.0,1,closed
CA,37.522281,-122.258139,94065,Redwood City,1,1/1/2006,12/1/2006,10/10/2008,0.9151,2.7753,3.0027,3.6466,6,2,9500000,2,1,0,0,0,0,ecommerce,0,0,0,0,0,0,1,0,0,0,0,0,1,1,0,0,2.5,1,acquired
TX,40.694599,-73.990638,78701,Austin,0,10/1/2009,1/1/2009,7/27/2010,-0.7479,0.8192,-1.7507,0.2521,7,2,3500000,2,0,0,0,1,0,enterprise,0,0,0,1,0,0,0,0,0,0,0,1,1,0,0,0,1.0,1,closed
NY,40.729839,-73.991781,10003,New York,1,10/1/2009,7/10/2010,3/31/2011,0.7726,1.4959,-0.5863,3.7534,14,3,10500000,3,0,1,0,0,0,photo_video,0,0,0,0,0,0,0,0,0,1,1,0,1,0,0,0,6.3333,1,acquired
CA,37.54827,-121.988572,94538,Fremont,1,1/1/2008,10/3/2008,5/30/2012,0.7562,4.4137,2.7836,4.0027,14,4,34250000,2,1,0,0,0,0,cleantech,0,0,0,0,0,0,0,0,0,1,1,0,1,1,1,0,2.25,1,acquired
MA,42.37564,-71.2358,2451,Waltham,1,1/1/2006,9/6/2006,7/20/2010,0.6795,4.5507,0.0,0.0,2,5,85381111,0,0,0,1,0,0,biotech,0,0,0,0,0,0,0,1,0,0,0,0,1,1,1,0,4.6667,1,acquired
MD,39.436844,-76.61870400000002,21093,Timonium,1,1/1/2000,3/1/2006,12/1/2007,6.1671,7.9205,8.0055,11.2548,6,3,100000000,3,0,0,0,0,1,web,0,1,0,0,0,0,0,0,0,0,1,0,1,0,0,0,2.5,1,acquired
PA,40.441694,-79.990086,15213,Pittsburgh,0,1/4/2009,1/1/2008,7/1/2010,-1.011,1.4877,0.4055,1.3205,3,2,125000,2,0,0,0,0,1,advertising,0,0,0,0,1,0,0,0,0,0,1,1,0,0,0,0,1.0,1,closed
VA,38.958402,-77.357974,20191,Reston,0,1/1/2003,4/26/2005,3/27/2007,2.3178,4.2356,-0.3342,-0.3342,2,2,10600000,1,0,0,0,0,1,mobile,0,0,1,0,0,0,0,0,0,0,1,0,0,1,0,0,3.0,1,closed
CA,37.554214,-121.977451,94538,Fremont,1,1/1/2004,6/2/2006,6/8/2009,2.4192,5.4384,2.0027,2.0027,2,3,26100000,1,1,0,0,0,0,semiconductor,0,0,0,0,0,0,0,0,0,1,1,0,0,1,0,0,3.5,1,acquired
NY,40.762674,-73.9821315,10019,New York,1,1/1/2000,7/12/2007,7/12/2007,7.5315,7.5315,10.7342,10.7342,2,1,30000000,1,0,1,0,0,0,web,0,1,0,0,0,0,0,0,0,0,1,0,0,0,0,0,5.0,1,acquired
IL,41.875555,-87.624421,60606,Chicago,0,9/24/2010,10/15/2011,7/1/2012,1.0575,1.7699,1.0301,1.1123,6,3,132885,2,0,0,0,0,1,games_video,0,0,0,0,0,1,0,0,0,0,0,1,0,0,0,0,1.0,1,closed
CA,37.55911,-122.303493,95054,Santa Clara,1,10/1/2006,5/8/2007,12/21/2010,0.6,4.2247,-0.7479,4.4767,9,3,9500000,2,1,0,0,0,0,software,1,0,0,0,0,0,0,0,0,0,0,0,1,1,1,0,2.0,1,acquired
CA,37.440682,-122.123103,94303,Palo Alto,1,1/1/2000,2/13/2006,2/13/2006,6.1233,6.1233,6.0055,6.0055,9,1,18000000,1,1,0,0,0,0,network_hosting,0,0,0,0,0,0,0,0,0,1,1,0,0,0,0,0,7.0,1,acquired
OH,39.099909,-84.504243,45202,Cincinnati,0,2/1/2010,12/2/2011,12/2/2011,1.8329,1.8329,1.7479,1.7479,4,1,690000,1,0,0,0,0,1,web,0,1,0,0,0,0,0,0,0,0,0,1,0,0,0,0,3.0,1,closed
GA,33.749099,-84.390185,30305,Atlanta,1,1/1/2001,3/1/2006,1/2/2007,5.1644,6.0055,0.0,0.0,1,3,25131611,0,0,0,0,0,1,mobile,0,0,1,0,0,0,0,0,0,0,1,0,0,1,0,0,1.0,1,acquired
CA,37.404788,-121.940842,95134,San Jose,0,1/1/2007,7/12/2010,7/12/2010,3.5288,3.5288,0.0,0.0,1,1,2000000,0,1,0,0,0,0,hardware,0,0,0,0,0,0,0,0,0,1,0,0,0,0,0,0,1.0,1,closed
MA,42.3634664,-71.07866379999999,2142,Cambridge,1,1/1/2004,8/1/2005,8/23/2010,1.5836,6.6466,5.0055,7.0877,4,3,78750000,2,0,0,1,0,0,biotech,0,0,0,0,0,0,0,1,0,0,0,0,1,1,0,0,3.5,1,acquired
CA,37.551441,-122.291435,94403,San Mateo,1,11/1/2006,2/1/2007,3/28/2011,0.2521,4.4055,3.3151,6.7918,27,5,48500000,3,1,0,0,0,0,advertising,0,0,0,0,1,0,0,0,0,0,1,1,1,1,1,0,2.5,1,acquired
CA,37.77951820000001,-122.3902619,94107,San Francisco,0,1/1/2005,7/29/2005,7/29/2005,0.5726,0.5726,5.1671,8.0082,12,1,15000000,2,1,0,0,0,0,network_hosting,0,0,0,0,0,0,0,0,0,1,0,0,1,0,0,0,3.0,0,closed
CA,37.31665260000001,-122.05074,95008,Campbell,1,1/1/2007,12/10/2007,4/25/2012,0.9397,5.3178,0.0,0.0,13,5,74000000,0,1,0,0,0,0,analytics,0,0,0,0,0,0,0,0,0,1,1,0,0,1,1,0,5.3333,1,acquired
CA,37.783171,-122.392901,94107-4132,San Francisco,1,1/1/2005,10/1/2005,5/2/2007,0.7479,2.3315,2.0,2.0,6,2,15000000,1,1,0,0,0,0,software,1,0,0,0,0,0,0,0,0,0,0,0,1,1,0,0,3.0,1,acquired
NY,37.09024,-95.712891,10014,New York,0,1/1/2004,1/1/2006,12/1/2007,2.0027,3.9178,3.0027,5.2192,8,3,45000000,3,0,1,0,0,0,games_video,0,0,0,0,0,1,0,0,0,0,0,0,1,0,0,0,1.0,0,closed
CA,37.400367,-121.985711,95054,Santa Clara,1,6/1/2006,5/1/2008,5/1/2008,1.9178,1.9178,2.0027,2.0027,4,1,4410000,1,1,0,0,0,0,mobile,0,0,1,0,0,0,0,0,0,0,0,0,1,0,0,0,1.0,1,acquired
VA,39.001619,-77.403201,20166,Sterling,1,1/1/2010,1/1/2010,11/24/2010,0.0,0.8959,2.0,2.6767,9,2,4500000,2,0,0,0,0,1,web,0,1,0,0,0,0,0,0,0,0,0,0,1,1,0,0,2.0,1,acquired
CA,37.788653,-122.401333,94105,San Francisco,1,1/1/2007,9/2/2008,10/14/2010,1.6712,3.7863,4.6685,5.6849,11,3,11040000,2,1,0,0,0,0,software,1,0,0,0,0,0,0,0,0,0,0,0,1,1,1,0,2.5,1,acquired
CA,37.779281,-122.419236,94107,San Francisco,1,1/1/2009,11/19/2010,11/19/2010,1.8822,1.8822,1.3288,2.9479,6,1,1600000,2,1,0,0,0,0,games_video,0,0,0,0,0,1,0,0,0,0,0,0,1,0,0,0,3.0,1,acquired
NY,40.73901,-73.997259,10011,New York,1,1/1/2002,6/1/2005,11/15/2005,3.4164,3.874,7.7534,7.7534,3,2,9000000,1,0,1,0,0,0,software,1,0,0,0,0,0,0,0,0,0,1,0,0,1,0,0,4.0,1,acquired
CA,37.548418700000006,-122.3151646,94403,San Mateo,1,4/1/2010,7/21/2011,11/23/2012,1.3041,2.6493,0.0,3.6767,4,3,3282327,2,1,0,0,0,0,analytics,0,0,0,0,0,0,0,0,0,1,1,0,0,0,0,0,2.0,1,acquired
CA,37.55818,-122.276454,94404,Foster City,1,1/1/2002,3/1/2006,3/1/2006,4.1644,4.1644,5.5836,11.3918,5,2,24700000,5,1,0,0,0,0,web,0,1,0,0,0,0,0,0,0,0,0,0,1,1,0,0,4.0,1,acquired
GA,33.774486,-84.385448,30308,Atlanta,0,1/1/2002,9/12/2007,11/19/2008,5.6986,6.8877,0.0,0.0,2,2,8800000,0,0,0,0,0,1,semiconductor,0,0,0,0,0,0,0,0,0,1,1,0,1,0,0,0,1.0,1,closed
CA,34.03423370000001,-118.4536137,90025,Los Angeles,0,9/1/2007,11/6/2008,11/6/2008,1.1836,1.1836,0.9178,0.9178,1,1,1700000,1,1,0,0,0,0,web,0,1,0,0,0,0,0,0,0,0,0,0,1,0,0,0,1.0,0,closed
CA,37.835676,-122.263548,94609,Oakland,0,6/1/2010,8/31/2010,8/31/2010,0.2493,0.2493,0.0,0.7781,1,1,20000,2,1,0,0,0,0,web,0,1,0,0,0,0,0,0,0,0,0,1,0,0,0,0,1.0,0,closed
CA,37.5541073,-121.9756765,94538,Fremont,1,1/1/2005,2/8/2008,12/2/2009,3.1041,4.9205,5.0027,8.3534,10,2,11500000,5,1,0,0,0,0,mobile,0,0,1,0,0,0,0,0,0,0,0,0,1,1,0,0,2.5,1,acquired
CA,38.279431,-122.668452,94954,Petaluma,0,1/1/2001,4/23/2003,6/3/2010,2.3068,9.4247,4.4986,11.4164,12,7,98170000,3,1,0,0,0,0,mobile,0,0,1,0,0,0,0,0,0,0,1,0,0,1,1,1,5.2,1,closed
CA,37.7824533,-122.3879489,94107,San Francisco,1,1/1/2010,3/23/2011,3/23/2011,1.2219,1.2219,0.7479,2.6849,2,1,1350000,3,1,0,0,0,0,web,0,1,0,0,0,0,0,0,0,0,0,1,0,0,0,0,10.0,1,acquired
IL,41.8851542,-87.62231829999998,60601,Chicago,1,11/1/2005,7/16/2010,7/16/2010,4.7068,4.7068,2.989,6.863,17,1,940261,2,0,0,0,0,1,software,1,0,0,0,0,0,0,0,0,0,0,0,1,0,0,0,1.0,1,acquired
MA,42.360253,-71.058291,2109,Boston,1,6/4/2007,2/1/2009,2/3/2011,1.6658,3.6712,3.6658,3.6712,12,2,4000000,3,0,0,1,0,0,web,0,1,0,0,0,0,0,0,0,0,0,1,1,0,0,0,3.0,1,acquired
CA,37.36883,-122.03635,94085,Sunnyvale,0,1/1/2008,12/15/2009,12/15/2009,1.9562,1.9562,1.0027,1.0027,5,1,5000000,1,1,0,0,0,0,web,0,1,0,0,0,0,0,0,0,0,0,0,1,0,0,0,1.0,0,closed
VA,38.881717,-77.089398,22201,Arlington,0,4/17/2009,4/18/2009,4/18/2009,0.0027,0.0027,0.5836,0.5836,3,1,20000,1,0,0,0,0,1,web,0,1,0,0,0,0,0,0,0,0,0,1,0,0,0,0,1.0,0,closed
WA,47.60732,-122.335746,98101,Seattle,1,1/1/2002,1/11/2006,1/11/2006,4.0301,4.0301,3.0027,3.0027,5,1,12500000,1,0,0,0,0,1,network_hosting,0,0,0,0,0,0,0,0,0,1,0,0,0,1,0,0,3.0,1,acquired
CO,39.568064,-104.977831,80112,Centennial,0,1/1/2009,5/5/2010,8/27/2013,1.3397,4.6548,1.3589,1.3753,0,5,7228704,2,0,0,0,0,1,finance,0,0,0,0,0,0,0,0,0,1,1,0,1,0,0,0,2.0,1,closed
IL,41.940611,-87.835972,60631,Chicago,0,1/1/2006,5/20/2010,12/15/2011,4.3836,5.9562,5.4986,5.4986,5,2,55000000,1,0,0,0,0,1,biotech,0,0,0,0,0,0,0,1,0,0,1,0,0,1,0,0,4.0,1,closed
CA,37.560155,-122.285588,94404,San Mateo,1,1/1/2004,1/23/2006,8/11/2010,2.063,6.6137,0.0,0.0,5,4,15180000,0,1,0,0,0,0,enterprise,0,0,0,1,0,0,0,0,0,0,1,0,1,0,1,0,1.0,1,acquired
CA,37.404788,-121.940842,95134,San Jose,0,1/1/2008,5/7/2010,6/6/2011,2.3479,3.4301,2.3562,4.0027,4,2,30000000,2,1,0,0,0,0,software,1,0,0,0,0,0,0,0,0,0,0,0,1,1,0,0,2.5,1,closed
TX,30.268236,-97.740651,78701,Austin,1,1/1/2006,7/10/2008,9/1/2008,2.5233,2.6685,3.0027,4.4247,11,2,14500000,3,0,0,0,1,0,network_hosting,0,0,0,0,0,0,0,0,0,1,0,0,1,1,0,0,1.5,1,acquired
CA,37.758229,-122.439512,94114,San Francisco,1,1/1/2009,1/26/2011,1/26/2011,2.0685,2.0685,2.5808,4.3671,6,1,6500000,3,1,0,0,0,0,advertising,0,0,0,0,1,0,0,0,0,0,1,0,0,0,0,0,3.0,1,acquired
TN,35.149021999999995,-90.05162800000002,38103-4717,Memphis,0,1/29/2012,1/29/2012,1/29/2012,0.0,0.0,0.0,0.0,2,1,15000,1,0,0,0,0,1,web,0,1,0,0,0,0,0,0,0,0,0,1,0,0,0,0,1.0,0,closed
NY,40.730646,-73.986614,10013,New York,1,7/1/2009,3/24/2010,2/6/2013,0.7288,3.6055,1.589,4.1041,5,5,4705910,3,0,1,0,0,0,mobile,0,0,1,0,0,0,0,0,0,0,1,1,0,0,0,0,3.0,1,acquired
CA,37.5783263,-122.3485679,94010-4031,Burlingame,1,1/1/2008,10/21/2010,10/21/2010,2.8055,2.8055,3.0027,4.6493,6,1,3000000,2,1,0,0,0,0,games_video,0,0,0,0,0,1,0,0,0,0,1,0,0,0,0,0,1.0,1,acquired
NY,40.743808,-73.983626,10016,New York,1,2/1/2007,10/31/2007,1/1/2012,0.7452,4.9178,3.0438,6.8411,30,6,125250000,5,0,1,0,0,0,web,0,1,0,0,0,0,0,0,0,0,1,0,1,1,1,1,3.5,1,acquired
NY,40.730646,-73.986614,10013,New York,0,1/1/2008,5/1/2008,1/1/2012,0.3315,4.0027,2.3644,3.6685,8,4,1449998,3,0,1,0,0,0,social,0,0,0,0,0,0,0,0,0,1,1,1,0,0,0,0,1.0,1,closed
MA,42.3751,-71.105616,2139,Cambridge,1,2/1/2011,10/13/2011,4/10/2012,0.6959,1.189,0.6629999999999999,2.6247,5,2,6000000,3,0,0,1,0,0,mobile,0,0,1,0,0,0,0,0,0,0,0,1,1,0,0,0,6.0,1,acquired
MN,45.006515,-93.46651,55441,Plymouth,1,1/1/2005,1/23/2007,3/25/2011,2.0603,6.2301,0.0,0.0,7,3,28200000,0,0,0,0,0,1,medical,0,0,0,0,0,0,0,0,0,1,1,0,0,1,1,0,3.0,1,acquired
CA,37.777741,-122.412198,94104,San Francisco,1,8/1/2005,9/23/2008,6/17/2010,3.1479,4.8795,5.0027,5.0027,5,2,14000000,1,1,0,0,0,0,software,1,0,0,0,0,0,0,0,0,0,1,0,1,0,0,0,2.0,1,acquired
TX,30.35504,-97.801083,78730,Austin,0,7/1/2007,1/28/2009,1/28/2009,1.5808,1.5808,2.2521,2.5342,14,1,3000000,2,0,0,0,1,0,enterprise,0,0,0,1,0,0,0,0,0,0,0,0,1,0,0,0,1.0,0,closed
WA,39.78373,-100.445882,98104,Seattle,0,1/1/2010,7/8/2011,10/7/2011,1.5151,1.7644,0.7479,0.7479,6,2,2238055,1,0,0,0,0,1,enterprise,0,0,0,1,0,0,0,0,0,0,1,1,0,0,0,0,1.0,1,closed
CA,37.779281,-122.419236,94108,San Francisco,0,9/1/2010,5/19/2011,12/13/2012,0.7123,2.2849,1.9507,2.2822,5,2,5200000,2,1,0,0,0,0,photo_video,0,0,0,0,0,0,0,0,0,1,1,0,1,0,0,0,1.0,1,closed
PA,40.0708709,-75.302716,19428,Conshohocken,1,1/1/2010,8/19/2013,8/19/2013,3.6329,3.6329,1.1479,3.7781,4,1,75000000,4,0,0,0,0,1,ecommerce,0,0,0,0,0,0,1,0,0,0,1,0,0,0,0,0,1.0,0,acquired
MA,42.296111,-71.238524,2494,Needham,0,9/1/2006,1/29/2007,8/20/2010,0.411,3.9699,4.2521,5.7671,13,4,24500000,4,0,0,1,0,0,software,1,0,0,0,0,0,0,0,0,0,0,0,1,1,1,0,2.5,1,closed
CA,33.63776,-117.855989,92660,Newport Beach,0,1/1/2002,11/27/2006,2/5/2010,4.9068,8.1014,0.0,0.0,3,3,4476171,0,1,0,0,0,0,advertising,0,0,0,0,1,0,0,0,0,0,1,0,1,0,0,0,2.0,1,closed
TX,30.2729209,-97.7443863,78701,Austin,1,8/28/2007,2/27/2008,1/28/2010,0.5014,2.4219,2.8192,5.8849,21,3,10400001,3,0,0,0,1,0,web,0,1,0,0,0,0,0,0,0,0,0,0,1,1,0,0,6.0,1,acquired
CO,40.138979,-105.124465,80501,Longmont,1,1/1/2002,3/8/2006,2/17/2009,4.1836,7.1342,5.0027,5.0027,8,3,68400000,1,0,0,0,0,1,network_hosting,0,0,0,0,0,0,0,0,0,1,1,0,0,0,1,1,6.5,1,acquired
CA,37.512318,-122.20091399999998,94063,Redwood City,1,1/1/2004,12/5/2006,8/18/2008,2.9288,4.6329,0.0,0.0,13,2,15200000,0,1,0,0,0,0,software,1,0,0,0,0,0,0,0,0,0,0,0,1,1,0,0,2.0,1,acquired
NY,40.728425,-73.999882,10012,New York,0,1/1/2011,8/15/2011,8/2/2012,0.6192,1.5863,0.0,0.0,2,2,890000,0,0,1,0,0,0,mobile,0,0,1,0,0,0,0,0,0,0,0,1,0,0,0,0,3.0,1,closed
CA,37.779281,-122.419236,94108,San Francisco,0,1/1/2001,7/12/2011,7/12/2011,10.5315,10.5315,0.0,0.0,0,1,2600000,0,1,0,0,0,0,mobile,0,0,1,0,0,0,0,0,0,0,1,0,0,0,0,0,1.0,1,closed
IL,41.800255,-88.149362,60563,Naperville,1,1/1/2009,11/13/2012,11/13/2012,3.8685,3.8685,3.8301,4.0877,7,1,1226270,2,0,0,0,0,1,enterprise,0,0,0,1,0,0,0,0,0,0,0,1,0,0,0,0,1.0,1,acquired
CA,34.147047,-118.148896,91101,Pasadena,1,1/1/2002,9/25/2008,4/14/2010,6.737,8.2877,6.7534,6.7534,5,2,9000000,1,1,0,0,0,0,web,0,1,0,0,0,0,0,0,0,0,0,0,1,1,0,0,1.0,0,acquired
CA,37.317847,-121.948469,95128,San Jose,1,1/1/2004,8/25/2008,2/15/2012,4.6521,8.1288,6.0055,6.0055,4,4,7210210,1,1,0,0,0,0,enterprise,0,0,0,1,0,0,0,0,0,0,1,0,1,1,0,0,1.0,0,acquired
CA,37.779281,-122.419236,94103,San Francisco,1,1/1/2011,9/28/2011,2/22/2012,0.7397,1.1425,0.5808,0.5808,15,2,15700000,1,1,0,0,0,0,automotive,0,0,0,0,0,0,0,0,0,1,0,0,1,0,0,0,3.0,1,acquired
MA,42.37564,-71.2358,2451,Waltham,1,1/1/2000,9/6/2005,4/24/2006,5.6849,6.3151,5.0055,5.0055,4,2,15050000,1,0,0,1,0,0,software,1,0,0,0,0,0,0,0,0,0,1,0,0,0,1,0,2.5,1,acquired
CA,37.8093381,-122.4166061,94111,San Francisco,1,8/1/2006,5/1/2007,5/1/2009,0.7479,2.7507,1.5836,4.5315,5,2,3500000,2,1,0,0,0,0,games_video,0,0,0,0,0,1,0,0,0,0,0,0,1,1,0,0,3.0,1,acquired
CA,37.43841079999999,-121.9240273,95035,Milpitas,0,1/1/2000,6/22/2006,5/7/2007,6.4767,7.3507,5.0055,5.0055,2,2,43000000,1,1,0,0,0,0,software,1,0,0,0,0,0,0,0,0,0,0,0,0,0,1,1,1.0,1,closed
CA,37.775196,-122.419204,94105,San Francisco,1,1/1/2005,3/1/2006,1/15/2008,1.1616,3.0384,3.2658,5.5397,7,2,57000000,2,1,0,0,0,0,web,0,1,0,0,0,0,0,0,0,0,0,0,1,1,0,0,3.5,1,acquired
CA,37.78811500000001,-122.397141,94105,San Francisco,1,9/1/2007,7/23/2008,7/23/2008,0.8932,0.8932,0.8329,4.2137,8,1,1300000,4,1,0,0,0,0,web,0,1,0,0,0,0,0,0,0,0,0,1,0,0,0,0,4.0,1,acquired
CA,32.902266,-117.20834,92121,San Diego,1,1/1/2004,7/1/2005,6/3/2008,1.4986,4.4247,4.0877,9.737,15,4,69750000,4,1,0,0,0,0,games_video,0,0,0,0,0,1,0,0,0,0,0,0,1,1,1,1,5.0,1,acquired
MA,42.341899,-71.065924,2118,Boston,1,1/1/2001,1/1/2004,1/1/2006,3.0,5.0027,9.6247,10.3945,16,2,14500000,2,0,0,1,0,0,advertising,0,0,0,0,1,0,0,0,0,0,0,1,0,1,0,0,2.0,1,acquired
CA,37.40006,-122.049689,94043,Mountain View,0,1/1/2002,1/31/2006,8/1/2007,4.0849,5.5836,0.0,0.0,2,2,48000000,0,1,0,0,0,0,hardware,0,0,0,0,0,0,0,0,0,1,0,0,0,0,1,1,6.0,1,closed
PA,40.418851,-79.904163,15218,Pittsburgh,0,6/1/2006,12/1/2009,11/9/2011,3.5041,5.4438,0.0,0.0,3,2,3508462,0,0,0,0,0,1,medical,0,0,0,0,0,0,0,0,0,1,1,0,1,0,0,0,3.0,1,closed
CA,37.778613,-122.395289,94404,San Mateo,1,1/1/2002,6/6/2005,7/23/2007,3.4301,5.5589,7.8384,7.8384,10,3,19500000,1,1,0,0,0,0,software,1,0,0,0,0,0,0,0,0,0,0,0,1,1,0,0,3.3333,1,acquired
CA,34.019657,-118.487549,90405,Santa Monica,1,1/1/2012,6/20/2012,6/20/2012,0.4685,0.4685,1.1041,1.6795,5,1,3750000,3,1,0,0,0,0,mobile,0,0,1,0,0,0,0,0,0,0,0,0,0,0,0,0,9.0,1,acquired
IL,41.817807,-88.173402,60555,Warrenville,0,8/1/2010,8/1/2010,8/1/2010,0.0,0.0,0.0,0.0,1,1,45000000,0,0,0,0,0,1,web,0,1,0,0,0,0,0,0,0,0,0,0,0,0,0,0,2.0,0,closed
NC,35.79181,-78.74123,27607,Raleigh,0,4/1/2005,1/24/2006,10/22/2010,0.8164,5.5616,4.5562,7.9863,8,4,32500000,3,0,0,0,0,1,enterprise,0,0,0,1,0,0,0,0,0,0,0,0,1,1,1,1,2.75,1,closed
PA,40.063476,-75.457492,19312,Berwyn,1,3/1/2000,1/1/2002,7/1/2008,1.8384,8.3397,5.674,13.5562,4,2,4900000,5,0,0,0,0,1,enterprise,0,0,0,1,0,0,0,0,0,0,0,1,0,1,0,0,1.5,1,acquired
CA,37.382376,-122.037607,94086,Sunnyvale,0,1/1/2005,4/20/2007,3/18/2008,2.2986,3.2110000000000003,3.5945,4.5753,4,2,12000000,3,1,0,0,0,0,advertising,0,0,0,0,1,0,0,0,0,0,0,0,0,1,1,0,2.0,1,closed
CA,37.76690900000001,-122.406676,94103,San Francisco,1,1/20/2006,2/1/2006,4/4/2008,0.0329,2.2055,4.5151,6.9123,12,3,7175000,6,1,0,0,0,0,web,0,1,0,0,0,0,0,0,0,0,0,1,1,1,0,0,2.6667,1,acquired
CA,37.793148,-122.402567,94104,San Francisco,0,12/1/2005,2/1/2007,6/1/2007,1.1699,1.4986,0.0849,5.3863,3,2,4700000,4,1,0,0,0,0,web,0,1,0,0,0,0,0,0,0,0,0,1,1,0,0,0,1.5,1,closed
CA,26.0524615,-80.1378809,95037,Morgan Hill,0,1/1/2008,1/1/2008,1/1/2008,0.0,0.0,0.0,0.0,3,1,120000,0,1,0,0,0,0,public_relations,0,0,0,0,0,0,0,0,0,1,0,1,0,0,0,0,2.0,0,closed
CA,37.393679,-122.079017,94041,Mountain View,1,5/2/2002,6/8/2007,12/20/2010,5.1041,8.6411,5.6712,6.8986,10,3,10000000,2,1,0,0,0,0,advertising,0,0,0,0,1,0,0,0,0,0,1,0,0,1,0,0,1.6667,0,acquired
TX,30.435079,-97.770139,78729,Austin,0,7/1/2000,6/14/2005,10/22/2010,4.9562,10.3151,0.0,0.0,0,4,39000000,0,0,0,0,1,0,semiconductor,0,0,0,0,0,0,0,0,0,1,1,0,1,0,0,0,3.0,0,closed
MA,42.345927,-71.55228699999998,01752-4603,Marlborough,1,1/1/2003,3/29/2005,1/11/2007,2.2411,4.0301,0.0,0.0,3,2,16100000,0,0,0,1,0,0,software,1,0,0,0,0,0,0,0,0,0,0,0,0,1,1,0,2.5,1,acquired
CA,37.795191,-122.430411,94115,San Francisco,1,1/1/2006,4/1/2007,2/1/2008,1.2466,2.0849,2.4986,5.3233,4,2,3300000,3,1,0,0,0,0,advertising,0,0,0,0,1,0,0,0,0,0,0,1,1,0,0,0,2.0,1,acquired
CA,37.779281,-122.419236,94110,San Francisco,1,2/1/2009,8/25/2010,8/25/2010,1.5616,1.5616,1.2438,1.7726,6,1,750000,3,1,0,0,0,0,analytics,0,0,0,0,0,0,0,0,0,1,0,1,0,0,0,0,9.0,1,acquired
GA,33.776834,-84.3895875,30308,Atlanta,0,6/1/2006,11/11/2008,11/11/2008,2.4493,2.4493,0.0,0.0,0,2,1000000,0,0,0,0,0,1,software,1,0,0,0,0,0,0,0,0,0,1,1,0,0,0,0,2.0,0,closed
NY,40.730646,-73.986614,10154,New York,0,1/1/1996,4/30/2007,4/30/2007,11.3342,11.3342,0.0,0.0,3,1,7410000,0,0,1,0,0,0,biotech,0,0,0,0,0,0,0,1,0,0,1,0,0,0,0,0,3.0,1,closed
CA,37.404788,-121.940842,95134,San Jose,1,1/1/2000,11/21/2006,5/27/2010,6.8932,10.4082,0.0,0.0,5,3,52800000,0,1,0,0,0,0,semiconductor,0,0,0,0,0,0,0,0,0,1,1,0,0,0,1,0,5.3333,1,acquired
CA,33.97279,-118.427578,90094,Playa Vista,0,1/1/2001,9/1/2005,2/11/2010,4.6685,9.1178,9.7534,12.8027,33,3,37000000,4,1,0,0,0,0,software,1,0,0,0,0,0,0,0,0,0,0,0,1,1,1,0,1.3333,1,closed
CA,37.7983181,-122.4000032,94111,San Francisco,1,12/1/2007,1/19/2009,8/26/2011,1.137,3.737,2.463,3.2164,14,3,14229998,3,1,0,0,0,0,web,0,1,0,0,0,0,0,0,0,0,0,0,1,1,0,0,3.0,1,acquired
CA,37.320309,-122.05004,95014,Cupertino,1,1/1/2009,9/21/2009,6/9/2011,0.7205,2.4356,0.7671,2.7918,7,2,3000000,2,1,0,0,0,0,messaging,0,0,0,0,0,0,0,0,0,1,0,0,1,1,0,0,2.5,1,acquired
NY,40.730646,-73.986614,10013,New York,1,1/1/2005,1/14/2009,1/14/2009,4.0384,4.0384,6.0027,6.0027,10,1,20000000,1,0,1,0,0,0,advertising,0,0,0,0,1,0,0,0,0,0,0,0,1,0,0,0,1.0,0,acquired
RI,51.43247,-2.664213,2906,Providence,1,11/1/2008,8/1/2009,12/6/2010,0.7479,2.0959,1.6548,2.0959,6,2,2000000,3,0,0,0,0,1,advertising,0,0,0,0,1,0,0,0,0,0,0,1,0,0,0,0,1.5,1,acquired
DC,38.897976,-77.028561,20005,Washington,1,1/1/2003,10/26/2006,2/2/2009,3.8192,6.0932,9.0055,9.7726,3,2,19900000,2,0,0,0,0,1,software,1,0,0,0,0,0,0,0,0,0,1,0,0,1,0,0,2.0,1,acquired
CA,37.781689,-122.391061,94107,San Francisco,0,9/1/2006,12/1/2007,12/1/2007,1.2493,1.2493,2.589,2.589,6,1,1500000,1,1,0,0,0,0,ecommerce,0,0,0,0,0,0,1,0,0,0,0,0,0,0,0,0,1.0,0,closed
CA,37.779281,-122.419236,94105,San Francisco,0,7/1/2009,7/1/2009,7/1/2009,0.0,0.0,1.2521,1.2521,4,1,325000,1,1,0,0,0,0,cleantech,0,0,0,0,0,0,0,0,0,1,0,1,0,0,0,0,4.0,0,closed
CA,37.787249,-122.3990501,94105,San Francisco,0,9/1/2010,2/17/2011,2/17/2011,0.463,0.463,1.2795,1.8192,16,1,3500000,2,1,0,0,0,0,enterprise,0,0,0,1,0,0,0,0,0,0,0,0,1,0,0,0,5.0,1,closed
WA,47.602873,-122.336132,98104,Seattle,0,1/1/2004,1/1/2006,5/20/2008,2.0027,4.3863,1.5836,4.1918,7,4,30000000,2,0,0,0,0,1,network_hosting,0,0,0,0,0,0,0,0,0,1,0,1,1,1,0,0,2.0,1,closed
CA,39.78373,-100.445882,94043-1107,Mountain View,1,1/1/2003,3/28/2007,3/28/2007,4.2384,4.2384,0.0,0.0,1,1,50000000,0,1,0,0,0,0,biotech,0,0,0,0,0,0,0,1,0,0,0,0,0,0,0,1,6.0,1,acquired
NY,40.745003,-73.98322900000002,10016,New York,1,1/1/2008,6/21/2009,6/21/2009,1.4712,1.4712,1.0027,1.4712,5,1,2000000,2,0,1,0,0,0,ecommerce,0,0,0,0,0,0,1,0,0,0,0,0,1,0,0,0,3.0,1,acquired
CA,37.52845,-122.263721,94065,Redwood City,1,5/1/2005,11/1/2006,3/1/2011,1.5041,5.8356,6.1699,8.3534,25,6,72000000,2,1,0,0,0,0,advertising,0,0,0,0,1,0,0,0,0,0,1,0,1,1,1,1,2.3333,1,acquired
CA,34.045919,-118.16525,91754,Monterey Park,1,1/1/2004,9/7/2005,11/5/2009,1.6849,5.8493,8.4219,8.4219,4,3,27690547,1,1,0,0,0,0,cleantech,0,0,0,0,0,0,0,0,0,1,0,0,0,1,1,1,4.5,1,acquired
TX,33.068275,-96.711101,75023,Plano,0,3/1/2004,5/9/2006,5/9/2006,2.189,2.189,0.0,0.0,32,1,9000000,0,0,0,0,1,0,semiconductor,0,0,0,0,0,0,0,0,0,1,0,0,0,1,0,0,4.0,1,closed
CA,37.287285,-121.942932,94041,Mountain View,1,6/1/2008,11/1/2008,11/18/2009,0.4192,1.4658,3.1315,4.137,12,2,7500000,3,1,0,0,0,0,enterprise,0,0,0,1,0,0,0,0,0,0,0,0,1,0,0,0,3.5,1,acquired
TX,30.271393,-97.748623,78701,Austin,1,1/1/2007,9/11/2007,7/1/2008,0.6932,1.4986,3.4164,3.4164,9,2,10000000,1,0,0,0,1,0,software,1,0,0,0,0,0,0,0,0,0,0,0,1,0,0,0,2.0,1,acquired
CA,34.142973,-118.140553,91105,Pasadena,1,1/1/2006,6/11/2007,9/4/2012,1.4411,6.6795,2.0,2.0,7,4,5965000,1,1,0,0,0,0,software,1,0,0,0,0,0,0,0,0,0,1,0,1,0,0,0,1.0,0,acquired
CA,37.465645,-121.932202,94538,Fremont,1,4/1/2006,1/1/2006,1/1/2006,-0.2466,-0.2466,-0.4082,7.4548,9,1,4000000,4,1,0,0,0,0,mobile,0,0,1,0,0,0,0,0,0,0,0,0,1,0,0,0,1.0,0,acquired
MI,42.548008,-83.214753,48025,Bingham Farms,0,1/1/2003,2/20/2008,2/20/2008,5.1397,5.1397,7.0055,7.0055,2,1,5000000,1,0,0,0,0,1,advertising,0,0,0,0,1,0,0,0,0,0,1,0,0,0,0,0,1.0,0,closed
CA,37.32052,-121.948399,95128,San Jose,1,1/1/2004,2/1/2005,2/1/2005,1.0877,1.0877,5.0959,7.3863,15,1,11500000,2,1,0,0,0,0,advertising,0,0,0,0,1,0,0,0,0,0,0,0,1,0,0,0,2.0,1,acquired
IL,41.875555,-87.624421,60657,Chicago,0,1/1/2009,1/14/2010,2/24/2011,1.0356,2.1479,1.5808,1.5808,2,2,1050000,1,0,0,0,0,1,web,0,1,0,0,0,0,0,0,0,0,1,0,0,0,0,0,1.0,0,closed
NY,40.7566658,-73.9827553,10036,New York,1,1/1/2007,3/1/2008,5/8/2008,1.1644,1.3507,1.3507,3.3315,13,2,5500000,2,0,1,0,0,0,web,0,1,0,0,0,0,0,0,0,0,0,0,1,0,0,0,2.0,1,acquired
PA,39.951311,-75.169522,10011,Philadelphia,1,2/1/2007,12/1/2007,12/1/2009,0.8301,2.8329,1.0877,3.337,17,3,5000000,4,0,0,0,0,1,advertising,0,0,0,0,1,0,0,0,0,0,0,1,1,0,0,0,1.6667,1,acquired
CA,37.406914,-122.09037,94043,Mountain View,0,1/1/2011,12/13/2009,8/17/2011,-1.0521,0.6247,-1.3589,1.663,11,2,3700000,3,1,0,0,0,0,enterprise,0,0,0,1,0,0,0,0,0,0,1,0,0,0,0,0,3.0,0,closed
CA,36.9397206,-121.7768449,95019-2901,Freedom,0,1/1/2006,3/20/2007,1/3/2009,1.2137,3.0082,0.0,0.0,4,2,7000000,0,1,0,0,0,0,software,1,0,0,0,0,0,0,0,0,0,0,0,1,0,0,0,2.0,0,closed
MA,42.375219,-71.056101,2129,Boston,0,1/1/2005,4/1/2006,3/1/2007,1.2466,2.1616,2.0,3.8137,14,2,32000000,4,0,0,1,0,0,network_hosting,0,0,0,0,0,0,0,0,0,1,0,0,1,1,0,0,3.5,1,closed
MA,42.358822,-71.104329,2142,Cambridge,1,1/1/2007,9/18/2007,3/25/2011,0.7123,4.2301,2.6685,3.0575,8,3,7900000,2,0,0,1,0,0,advertising,0,0,0,0,1,0,0,0,0,0,0,0,1,0,0,0,2.0,0,acquired
CA,37.392443,-122.072517,94110,San Francisco,1,4/1/2006,12/1/2006,7/10/2012,0.6685,6.2795,2.7945,7.4493,16,5,80000000,3,1,0,0,0,0,network_hosting,0,0,0,0,0,0,0,0,0,1,0,1,1,1,1,1,2.25,1,acquired
TX,30.280148,-97.749908,78701,Austin,0,1/1/2005,10/28/2009,10/28/2009,4.8247,4.8247,0.2466,0.2466,1,1,5000000,1,0,0,0,1,0,mobile,0,0,1,0,0,0,0,0,0,0,1,0,0,0,0,0,1.0,1,closed
WA,47.638456,-122.356965,98109,Seattle,1,1/1/2006,1/1/2007,3/9/2009,1.0,3.1863,2.4301,7.6247,5,2,2100000,3,0,0,0,0,1,security,0,0,0,0,0,0,0,0,0,1,0,1,1,0,0,0,1.5,1,acquired
MD,39.116333,-77.18130699999998,20814,Bethesda,1,12/1/2004,2/14/2005,4/24/2009,0.2055,4.3973,3.4164,3.4164,6,4,22250000,1,0,0,0,0,1,enterprise,0,0,0,1,0,0,0,0,0,0,0,0,1,1,1,1,2.5,1,acquired
OR,45.520247,-122.674195,97209,Portland,1,3/1/2011,9/14/2011,8/30/2012,0.5397,1.5014,-14.1699,2.2082,6,2,1975000,2,0,0,0,0,1,enterprise,0,0,0,1,0,0,0,0,0,0,1,1,0,0,0,0,3.0,0,acquired
NY,40.723652,-73.985281,10016,New York,1,1/1/2008,1/1/2008,1/1/2008,0.0,0.0,3.5918,4.3260000000000005,0,1,1000000,2,0,1,0,0,0,web,0,1,0,0,0,0,0,0,0,0,0,1,0,0,0,0,1.0,1,acquired
PA,40.602206,-75.47127900000002,18106,Allentown,0,1/1/2008,5/6/2010,5/6/2010,2.3452,2.3452,0.0,0.0,0,1,35000000,0,0,0,0,0,1,cleantech,0,0,0,0,0,0,0,0,0,1,0,0,0,0,1,0,1.0,0,closed
NY,37.480999,-122.173887,10016,New York,1,9/1/2005,10/1/2005,12/28/2009,0.0822,4.3260000000000005,3.663,5.6110000000000015,12,7,88651133,5,0,1,0,0,0,mobile,0,0,1,0,0,0,0,0,0,0,1,1,1,1,1,1,3.1667,1,acquired
MA,42.5656454,-71.3222696,01862-2000,North Billerica,1,1/1/2000,8/4/2005,8/4/2005,5.5945,5.5945,0.0,0.0,3,1,26000000,0,0,0,1,0,0,semiconductor,0,0,0,0,0,0,0,0,0,1,1,0,0,0,0,0,2.0,1,acquired
CA,34.054935,-118.244476,90017,Los Angeles,0,5/1/2010,1/1/2011,1/1/2011,0.6712,0.6712,0.0,0.7562,3,1,100000,2,1,0,0,0,0,games_video,0,0,0,0,0,1,0,0,0,0,0,1,0,0,0,0,1.0,0,closed
CO,39.750152,-104.99643799999998,80202,Denver,1,6/1/2005,6/1/2006,6/1/2006,1.0,1.0,3.811,4.9178,6,1,5000000,3,0,0,0,0,1,mobile,0,0,1,0,0,0,0,0,0,0,0,0,1,0,0,0,1.0,1,acquired
GA,34.062588,-84.16923,30097,Duluth,0,1/1/2000,10/31/2006,4/21/2008,6.8356,8.3096,0.0,0.0,5,2,7300000,0,0,0,0,0,1,biotech,0,0,0,0,0,0,0,1,0,0,1,0,1,0,0,0,3.0,1,closed
CA,37.406914,-122.09037,94043,Mountain View,1,1/1/2003,1/1/2005,3/23/2009,2.0027,6.2274,4.0027,10.7616,8,3,64080000,2,1,0,0,0,0,biotech,0,0,0,0,0,0,0,1,0,0,0,0,1,1,1,0,4.0,1,acquired
RI,51.43247,-2.664213,2903,Providence,1,7/1/2010,11/3/2011,3/22/2012,1.3425,1.726,-0.0822,1.7205,8,2,5800000,2,0,0,0,0,1,enterprise,0,0,0,1,0,0,0,0,0,0,0,1,1,0,0,0,4.0,1,acquired
CA,37.791388,-122.392148,94105,San Francisco,0,1/1/2004,1/1/2008,10/1/2009,4.0027,5.7534,5.9233,6.0,6,4,89500000,2,1,0,0,0,0,finance,0,0,0,0,0,0,0,0,0,1,0,0,0,1,1,0,1.0,1,closed
CA,37.788482,-122.409173,94102,San Francisco,1,12/1/2006,7/1/2007,3/1/2012,0.5808,5.2521,3.0877,4.1699,11,4,23350000,2,1,0,0,0,0,games_video,0,0,0,0,0,1,0,0,0,0,0,1,1,1,0,0,3.0,1,acquired
MA,42.393662,-71.25585500000003,2451,Waltham,1,10/1/2002,6/8/2006,9/16/2008,3.6877,5.9644,0.0,0.0,7,2,13500000,0,0,0,1,0,0,software,1,0,0,0,0,0,0,0,0,0,1,0,0,0,1,0,2.5,1,acquired
MA,42.496515,-71.480233,1719,Boxborough,1,1/1/2000,5/8/2007,2/14/2008,7.3534,8.126,11.0329,11.0575,13,2,24500000,2,0,0,1,0,0,security,0,0,0,0,0,0,0,0,0,1,0,0,0,0,0,0,5.5,1,acquired
CA,37.534538,-122.252466,94065,Redwood City,0,1/1/2002,8/8/2005,8/8/2005,3.6027,3.6027,3.0027,3.0027,2,1,10000000,1,1,0,0,0,0,public_relations,0,0,0,0,0,0,0,0,0,1,0,0,0,0,1,0,4.0,1,closed
UT,40.767013,-111.890431,84124,Salt Lake City,0,1/1/2007,1/6/2005,1/6/2005,-1.9863,-1.9863,0.0,0.0,3,1,8500000,0,0,0,0,0,1,other,0,0,0,0,0,0,0,0,0,1,1,0,0,0,0,0,1.0,0,closed
TX,30.161661,-95.471256,77380,The Woodlands,0,1/1/1992,5/29/2008,5/29/2008,16.4192,16.4192,0.0,0.0,0,1,6000000,0,0,0,0,1,0,cleantech,0,0,0,0,0,0,0,0,0,1,0,0,0,1,0,0,3.0,0,closed
CA,37.424298,-122.139809,94306,Palo Alto,1,7/1/2008,11/1/2009,11/1/2009,1.337,1.337,1.3479,1.3479,3,1,2000000,1,1,0,0,0,0,software,1,0,0,0,0,0,0,0,0,0,0,0,1,0,0,0,2.0,1,acquired
TX,30.280148,-97.749908,78701,Austin,1,6/1/2010,7/12/2011,5/8/2012,1.1123,1.937,0.0,1.1123,3,2,4100000,2,0,0,0,1,0,enterprise,0,0,0,1,0,0,0,0,0,0,0,0,1,0,0,0,1.5,1,acquired
CA,37.40047,-122.072981,94041,Mountain View,1,8/19/2004,1/1/2005,1/1/2005,0.3699,0.3699,1.9507,8.3178,5,1,6200000,4,1,0,0,0,0,search,0,0,0,0,0,0,0,0,0,1,0,0,1,0,0,0,2.0,1,acquired
CA,37.767575,-122.411157,94103,San Francisco,1,1/1/2003,2/1/2007,7/28/2008,4.0877,5.5753,4.0027,4.0027,8,2,12250000,1,1,0,0,0,0,advertising,0,0,0,0,1,0,0,0,0,0,0,0,0,1,1,0,2.5,1,acquired
CA,37.779281,-122.419236,94105,San Francisco,1,4/14/2003,9/4/2006,5/8/2008,3.3945,5.0712,5.7233,8.7342,3,2,11725600,2,1,0,0,0,0,mobile,0,0,1,0,0,0,0,0,0,0,0,0,1,1,0,0,2.0,1,acquired
MA,42.504817,-71.195611,1803,Burlington,0,1/1/2001,4/25/2005,10/30/2006,4.3151,5.8301,0.0,0.0,1,2,16000000,0,0,0,1,0,0,software,1,0,0,0,0,0,0,0,0,0,0,0,1,1,0,0,3.0,1,closed
WA,47.603832,-122.330062,98103,Seattle,1,8/11/2006,1/31/2009,12/28/2010,2.4767,4.3836,3.3945,4.9863,10,3,5056559,2,0,0,0,0,1,mobile,0,0,1,0,0,0,0,0,0,0,1,0,1,0,0,0,1.6667,1,acquired
CA,37.780883,-122.395257,94107,San Francisco,1,1/1/2005,6/1/2005,6/1/2005,0.4137,0.4137,6.8329,8.874,9,1,100000,3,1,0,0,0,0,web,0,1,0,0,0,0,0,0,0,0,0,1,0,0,0,0,1.0,1,acquired
CA,37.779281,-122.419236,94108,San Francisco,1,9/1/2001,1/1/2004,8/18/2008,2.3342,6.9671,4.0027,8.3014,11,3,68200000,3,1,0,0,0,0,hardware,0,0,0,0,0,0,0,0,0,1,1,1,0,0,0,0,4.0,1,acquired
CA,37.789429,-122.276524,94501,Alameda,1,1/1/2001,2/1/2005,4/21/2010,4.0877,9.3068,6.0027,6.0027,5,3,33000000,1,1,0,0,0,0,enterprise,0,0,0,1,0,0,0,0,0,0,1,0,0,1,0,1,3.6667,1,acquired
NC,35.986906,-78.896718,27701,Durham,0,1/1/2009,10/15/2010,4/20/2012,1.7863,3.3014,2.0822,2.3288,8,3,3352194,2,0,0,0,0,1,analytics,0,0,0,0,0,0,0,0,0,1,0,1,1,0,0,0,9.5,0,closed
NY,40.750519,-73.993494,10001,New York,1,3/1/2010,7/28/2011,1/26/2012,1.4082,1.9068,-0.1616,1.8384,5,2,2212000,2,0,1,0,0,0,analytics,0,0,0,0,0,0,0,0,0,1,0,1,1,0,0,0,3.0,1,acquired
CA,37.484347,-122.225803,94063,Redwood City,1,1/1/2004,11/24/2009,4/15/2011,5.9014,7.2904,0.0,0.0,1,4,19800000,0,1,0,0,0,0,biotech,0,0,0,0,0,0,0,1,0,0,1,0,0,0,0,1,5.0,1,acquired
CA,37.566009,-122.321646,94401,San Mateo,0,2/1/2010,12/1/2010,3/9/2011,0.8301,1.0986,1.1014,1.1616,6,2,4500000,2,1,0,0,0,0,web,0,1,0,0,0,0,0,0,0,0,0,1,1,0,0,0,3.0,1,closed
MA,42.2960173,-71.2128734,2494,Needham,1,1/1/2004,1/1/2008,1/2/2008,4.0027,4.0055,4.0027,4.0027,2,2,14000000,1,0,0,1,0,0,software,1,0,0,0,0,0,0,0,0,0,1,0,0,1,0,0,1.5,1,acquired
FL,26.106273,-80.41894,33327,Weston,0,11/11/2011,12/1/2011,12/1/2011,0.0548,0.0548,0.0685,0.4,4,1,100000,2,0,0,0,0,1,social,0,0,0,0,0,0,0,0,0,1,0,1,0,0,0,0,1.0,0,closed
CA,37.4027811,-122.1441615,94304,Palo Alto,1,1/1/2004,5/10/2006,6/5/2007,2.3562,3.4274,3.0027,5.3425,4,2,9900000,2,1,0,0,0,0,software,1,0,0,0,0,0,0,0,0,0,0,0,1,1,0,0,2.0,1,acquired
CA,37.779281,-122.419236,94104,San Francisco,1,1/1/2008,1/1/2008,1/22/2013,0.0,5.063,5.0055,5.7945,10,3,7600000,2,1,0,0,0,0,advertising,0,0,0,0,1,0,0,0,0,0,0,0,1,1,0,0,5.0,1,acquired
CA,34.430786,-119.715074,93101,Santa Barbara,0,7/1/2008,7/1/2008,7/1/2008,0.0,0.0,0.737,0.737,2,1,50000,1,1,0,0,0,0,games_video,0,0,0,0,0,1,0,0,0,0,0,1,0,0,0,0,2.0,0,closed
CA,37.448944,-122.161415,94301,Palo Alto,0,2/1/2007,1/1/2007,1/1/2007,-0.0849,-0.0849,0.0,0.0,3,1,650000,0,1,0,0,0,0,public_relations,0,0,0,0,0,0,0,0,0,1,0,1,0,0,0,0,1.0,0,closed
CA,34.005914000000004,-118.488129,90034,Los Angeles,0,1/1/2008,12/1/2008,9/23/2010,0.9178,2.7288,2.4164,2.7288,8,3,10500000,3,1,0,0,0,0,mobile,0,0,1,0,0,0,0,0,0,0,1,0,1,1,0,0,2.0,1,closed
CA,34.019657,-118.487549,90401,Santa Monica,1,1/1/2012,6/21/2012,6/21/2012,0.4712,0.4712,0.0,0.9178,12,1,500000,2,1,0,0,0,0,web,0,1,0,0,0,0,0,0,0,0,0,1,0,0,0,0,1.0,0,acquired
CA,37.390501,-122.081151,94041,Mountain View,1,1/1/2003,12/7/2004,1/16/2007,1.9342,4.0438,2.0027,10.189,2,2,24300000,3,1,0,0,0,0,web,0,1,0,0,0,0,0,0,0,0,0,0,0,1,1,0,2.5,1,acquired
CA,37.386778,-121.966277,95054,Santa Clara,0,1/1/1999,6/27/2006,11/14/2006,7.4904,7.874,7.0055,7.0055,6,2,18000000,1,1,0,0,0,0,hardware,0,0,0,0,0,0,0,0,0,1,1,0,0,1,0,0,4.0,1,closed
CA,37.779507,-122.39071,94107,San Francisco,1,5/1/2007,12/26/2007,11/15/2010,0.6548,3.5452,3.8438,6.5589,27,3,26000000,5,1,0,0,0,0,messaging,0,0,0,0,0,0,0,0,0,1,0,0,1,1,1,0,3.6667,1,acquired
CA,37.391642,-122.09393500000002,94040,Mountain View,0,1/1/2005,4/1/2007,1/13/2010,2.2466,5.0356,0.0,0.0,2,2,9500000,0,1,0,0,0,0,hardware,0,0,0,0,0,0,0,0,0,1,1,0,0,1,0,0,3.0,1,closed
MD,39.2328783,-76.8204666,Maryland 21045,Columbia,1,1/1/2000,4/24/2007,4/24/2007,7.3151,7.3151,5.0055,5.0055,6,1,16980999,1,0,0,0,0,1,biotech,0,0,0,0,0,0,0,1,0,0,0,0,0,1,0,0,1.0,1,acquired
CA,37.419819,-122.09018799999998,94043,Mountain View,0,1/1/2004,1/1/2005,1/1/2005,1.0027,1.0027,1.1644,3.5699,2,1,5000000,2,1,0,0,0,0,games_video,0,0,0,0,0,1,0,0,0,0,0,0,1,0,0,0,3.0,0,closed
WA,47.657943,-117.421226,99202,SPOKANE,0,4/1/2007,12/1/2008,12/1/2008,1.6712,1.6712,0.0,0.0,3,1,350000,0,0,0,0,0,1,hardware,0,0,0,0,0,0,0,0,0,1,1,0,0,0,0,0,1.0,0,closed
MA,42.485691,-71.19861999999998,1803,Burlington,0,1/1/2006,3/29/2007,12/21/2010,1.2384,4.9726,1.0,1.0,1,5,13130000,1,0,0,1,0,0,web,0,1,0,0,0,0,0,0,0,0,1,0,1,0,0,0,2.0,1,closed
WA,39.78373,-100.445882,98104,Seattle,0,1/1/2008,10/28/2010,10/28/2010,2.8247,2.8247,0.0,2.8219,1,1,20000000,2,0,0,0,0,1,software,1,0,0,0,0,0,0,0,0,0,0,0,1,0,0,0,1.0,0,closed
MA,42.372912,-71.118999,2138,Cambridge,1,6/1/2006,12/1/2006,9/16/2009,0.5014,3.2959,2.0685,6.9973,18,3,26500000,4,0,0,1,0,0,mobile,0,0,1,0,0,0,0,0,0,0,1,0,1,1,0,0,2.0,1,acquired
MA,42.432106,-71.453968,1754,Maynard,1,1/1/2002,9/12/2005,2/7/2006,3.6986,4.1041,0.0,0.0,4,2,15000000,0,0,0,1,0,0,enterprise,0,0,0,1,0,0,0,0,0,0,0,0,0,1,0,0,5.0,1,acquired
MD,39.414219,-77.410927,21703,Frederick,0,1/1/2002,4/21/2006,4/21/2006,4.3041,4.3041,0.0,0.0,0,1,2600000,0,0,0,0,0,1,public_relations,0,0,0,0,0,0,0,0,0,1,0,0,1,0,0,0,1.0,0,closed
CA,37.54827,-121.988572,94538,Fremont,0,1/1/2004,5/25/2006,1/11/2010,2.3973,6.0329,0.0,0.0,1,4,21470000,0,1,0,0,0,0,cleantech,0,0,0,0,0,0,0,0,0,1,0,0,1,1,0,0,3.5,1,closed
TX,30.280148,-97.749908,78701,Austin,0,5/1/2010,5/1/2010,5/1/2010,0.0,0.0,0.274,0.863,5,1,20000,2,0,0,0,1,0,mobile,0,0,1,0,0,0,0,0,0,0,0,1,0,0,0,0,1.0,0,closed
CA,37.384239,-122.012475,94085,Sunnyvale,0,1/1/2005,12/1/2006,8/1/2007,1.9151,2.5808,2.0,6.9178,10,2,3600000,3,1,0,0,0,0,web,0,1,0,0,0,0,0,0,0,0,0,1,1,0,0,0,1.0,0,closed
NY,40.728425,-73.999882,10012,New York,1,5/1/2005,3/1/2006,7/30/2012,0.8329,7.2521,8.0055,8.4,23,7,27300000,4,0,1,0,0,0,games_video,0,0,0,0,0,1,0,0,0,0,0,1,1,1,1,1,2.0,1,acquired
CA,37.779281,-122.419236,94105,San Francisco,1,1/1/2012,8/2/2012,8/2/2012,0.5863,0.5863,1.0493,1.0493,8,1,2600000,1,1,0,0,0,0,ecommerce,0,0,0,0,0,0,1,0,0,0,0,0,1,0,0,0,2.0,0,acquired
CA,37.424298,-122.139809,94306,Palo Alto,0,1/1/2010,10/21/2010,10/21/2010,0.8027,0.8027,0.0,1.411,5,1,5000000,2,1,0,0,0,0,web,0,1,0,0,0,0,0,0,0,0,0,0,1,0,0,0,1.0,1,closed
CA,32.897274,-117.201076,92121,San Diego,1,1/1/2004,10/3/2008,3/22/2010,4.7589,6.2247,3.6685,6.2247,2,2,17000000,2,1,0,0,0,0,mobile,0,0,1,0,0,0,0,0,0,0,0,0,1,1,0,0,3.5,1,acquired
ME,43.643967,-70.923675,4095,West Newfield,0,1/1/2008,5/14/2012,5/14/2012,4.3699,4.3699,0.0,0.0,0,1,662000,0,0,0,0,0,1,manufacturing,0,0,0,0,0,0,0,0,0,1,0,0,1,0,0,0,3.0,0,closed
NY,40.73901,-73.997259,10011,New York,1,1/1/2010,1/1/2010,1/10/2011,0.0,1.0247,2.0055,2.7315,12,2,3750000,2,0,1,0,0,0,hospitality,0,0,0,0,0,0,0,0,0,1,0,1,1,0,0,0,4.0,1,acquired
CA,37.764726,-122.394523,94107,San Francisco,1,10/11/2004,10/1/2005,7/12/2011,0.9726,6.7534,5.2466,9.1534,57,4,45000000,8,1,0,0,0,0,news,0,0,0,0,0,0,0,0,0,1,0,0,1,1,1,1,4.6667,1,acquired
NY,40.74731129999999,-73.95491820000002,11101,Long Island City,1,11/1/2007,9/19/2011,9/10/2013,3.8849,5.863,2.8356,6.1123,9,2,6700000,4,0,1,0,0,0,music,0,0,0,0,0,0,0,0,0,1,1,0,0,0,0,0,8.0,1,acquired
CA,37.536402,-122.325129,94065,Redwood City,1,1/1/2006,3/6/2006,11/17/2009,0.1753,3.8795,2.0,4.474,12,3,20750000,2,1,0,0,0,0,hardware,0,0,0,0,0,0,0,0,0,1,1,0,1,1,0,0,2.3333,1,acquired
CA,37.786942,-122.401245,94105,San Francisco,1,1/1/2006,3/1/2007,7/2/2013,1.1616,7.5041,0.0,0.0,5,4,19000000,0,1,0,0,0,0,games_video,0,0,0,0,0,1,0,0,0,0,0,0,1,1,1,0,2.0,1,acquired
CA,37.778613,-122.395289,94107,San Francisco,1,10/1/2006,5/1/2006,6/1/2007,-0.4192,0.6658,0.0,0.0,20,3,22500000,0,1,0,0,0,0,search,0,0,0,0,0,0,0,0,0,1,1,0,1,0,0,0,4.0,1,acquired
CA,37.792394,-122.402349,94104,San Francisco,1,5/1/2005,11/1/2005,6/5/2008,0.5041,3.0986,2.2384,3.7562,10,3,7300000,3,1,0,0,0,0,advertising,0,0,0,0,1,0,0,0,0,0,0,1,1,1,0,0,2.0,1,acquired
WA,39.78373,-100.445882,98104,Seattle,0,3/3/2005,12/1/2005,12/27/2012,0.7479,7.8247,4.3151,5.9041,16,7,26390819,3,0,0,0,0,1,web,0,1,0,0,0,0,0,0,0,0,1,0,1,1,0,0,1.3333,1,closed
WA,47.582658,-122.135282,98007,Bellevue,1,11/1/2004,4/30/2009,4/30/2009,4.4959,4.4959,0.0,0.0,4,1,10000000,0,0,0,0,0,1,software,1,0,0,0,0,0,0,0,0,0,0,0,0,0,1,0,3.0,1,acquired
NY,40.73901,-73.997259,10011,NY,0,9/1/2010,10/2/2010,10/2/2010,0.0849,0.0849,0.0,0.0,1,1,31000,1,0,1,0,0,0,web,0,1,0,0,0,0,0,0,0,0,0,1,0,0,0,0,2.0,0,closed
CA,37.451026,-122.18676,94025,Menlo Park,1,10/1/2005,7/1/2007,6/23/2008,1.7479,2.7288,1.7479,6.1452,16,3,21500000,4,1,0,0,0,0,mobile,0,0,1,0,0,0,0,0,0,0,0,0,1,1,0,0,3.3333,1,acquired
CO,39.540323,-104.857271,80112,Englewood,1,1/1/2002,11/7/2006,11/7/2006,4.8521,4.8521,6.5863,6.5863,5,1,4000000,1,0,0,0,0,1,security,0,0,0,0,0,0,0,0,0,1,0,0,0,0,0,0,5.0,1,acquired
CA,33.020832,-117.077311,90275,Solana Beach,1,7/1/2006,1/1/2007,3/15/2010,0.5041,3.7068,2.9863,4.0219,5,3,9400000,4,1,0,0,0,0,games_video,0,0,0,0,0,1,0,0,0,0,1,0,1,1,0,0,4.0,1,acquired
NY,37.402802,-122.117418,10004,New York,1,4/16/2007,5/1/2007,6/1/2009,0.0411,2.1288,1.7562,4.874,9,3,5600000,4,0,1,0,0,0,web,0,1,0,0,0,0,0,0,0,0,0,0,1,1,0,0,2.0,1,acquired
CA,37.782101,-122.389519,94105,San Francisco,1,8/1/2006,8/1/2008,8/17/2009,2.0027,3.0466,3.5836,5.4767,9,2,6000000,2,1,0,0,0,0,finance,0,0,0,0,0,0,0,0,0,1,0,0,1,1,0,0,2.5,1,acquired
GA,33.7862629,-84.3877936,30309,NW Atlanta,1,10/31/2000,12/20/2002,12/15/2010,2.137,10.1288,10.4164,12.1863,35,4,60704370,3,0,0,0,0,1,transportation,0,0,0,0,0,0,0,0,0,1,1,0,0,1,0,1,2.0,1,acquired
CA,37.78227879999999,-122.392978,94107,San Francisco,1,4/1/2009,1/1/2010,4/26/2012,0.7534,3.0712,3.9178,4.5041,16,3,2000000,2,1,0,0,0,0,sports,0,0,0,0,0,0,0,0,0,1,0,1,0,0,0,0,3.6667,1,acquired
CA,37.778551,-122.391686,94107,San Francisco,1,11/1/2008,4/16/2009,7/16/2009,0.4548,0.7041,0.5808,1.737,5,2,1000000,3,1,0,0,0,0,finance,0,0,0,0,0,0,0,0,0,1,1,0,1,0,0,0,5.5,1,acquired
PA,40.012771,-75.239234,19004,Bala Cynwyd,0,10/17/2007,12/1/2008,3/13/2009,1.126,1.4055,0.7918,1.3973,3,2,200000,2,0,0,0,0,1,games_video,0,0,0,0,0,1,0,0,0,0,0,1,1,0,0,0,2.0,1,closed
CA,37.628328,-122.420814,94066,San Bruno,0,1/1/2007,11/12/2008,11/12/2008,1.8658,1.8658,0.0,1.863,2,1,2300000,2,1,0,0,0,0,cleantech,0,0,0,0,0,0,0,0,0,1,0,0,1,0,0,0,2.0,1,closed
CA,37.7885714,-122.40359850000002,94108,San Francisco,0,1/1/2006,3/20/2008,3/20/2008,2.2164,2.2164,0.7479,3.4164,5,1,1000000,4,1,0,0,0,0,mobile,0,0,1,0,0,0,0,0,0,0,0,0,1,0,0,0,1.0,1,closed
CA,37.779624,-122.391236,94107,San Francisco,1,11/1/2003,9/1/2004,8/1/2009,0.8356,5.7534,4.9781,7.0301,13,5,24750000,3,1,0,0,0,0,music,0,0,0,0,0,0,0,0,0,1,1,1,1,1,0,0,2.4,1,acquired
IL,42.055849,-87.694664,60201,Evanston,0,5/15/2005,12/3/2007,10/5/2011,2.5534,6.3945,6.6356,6.6356,15,2,12800000,1,0,0,0,0,1,software,1,0,0,0,0,0,0,0,0,0,0,0,1,1,0,0,2.0,1,closed
CA,37.4305755,-122.0971389,94043,Mountain View,1,1/1/2001,3/28/2005,7/29/2007,4.2384,6.5753,7.0027,7.0027,10,2,30500000,1,1,0,0,0,0,enterprise,0,0,0,1,0,0,0,0,0,0,0,0,0,0,0,1,4.5,1,acquired
CA,33.133524,-117.254593,92010,Carlsbad,0,1/1/2003,7/25/2008,7/13/2011,5.5671,8.5342,5.6055,7.8384,3,3,36300000,2,1,0,0,0,0,automotive,0,0,0,0,0,0,0,0,0,1,1,0,0,0,1,0,1.5,1,closed
CA,37.779281,-122.419236,94111,San Francisco,1,1/1/2008,3/4/2010,1/31/2011,2.1726,3.0849,3.0877,4.7753,7,3,6693782,3,1,0,0,0,0,real_estate,0,0,0,0,0,0,0,0,0,1,1,0,0,0,0,0,1.6667,1,acquired
CA,32.901049,-117.192656,92121,San Diego,0,1/1/1996,6/5/2007,6/5/2007,11.4329,11.4329,0.0,0.0,1,1,20000000,0,1,0,0,0,0,hardware,0,0,0,0,0,0,0,0,0,1,0,0,0,0,1,0,5.0,1,closed
CA,37.316653,-122.05074,95014,Cupertino,1,1/1/2005,6/23/2008,6/23/2008,3.4767,3.4767,3.6849,5.6274,8,1,11370000,3,1,0,0,0,0,network_hosting,0,0,0,0,0,0,0,0,0,1,0,0,1,0,0,0,2.0,1,acquired
CA,34.090368,-118.393064,90069,West Hollywood,1,6/1/2006,1/1/2007,1/19/2009,0.5863,2.6384,3.5425,6.0712,13,3,16500000,4,1,0,0,0,0,web,0,1,0,0,0,0,0,0,0,0,0,0,1,1,1,0,1.3333,1,acquired
CA,37.794891,-122.397901,94111,San Franciso,0,9/1/2008,9/1/2008,9/1/2008,0.0,0.0,3.411,3.411,3,1,250000,1,1,0,0,0,0,network_hosting,0,0,0,0,0,0,0,0,0,1,0,1,0,0,0,0,3.0,0,closed
NY,40.70438220000001,-73.98657170000001,10010,New York,1,8/1/2006,2/1/2007,12/8/2009,0.5041,3.3562,3.4219,7.2274,9,5,14400000,5,0,1,0,0,0,web,0,1,0,0,0,0,0,0,0,0,0,1,1,1,0,0,5.8,1,acquired
NY,40.756054,-73.986951,10001,New York,1,9/1/2007,9/1/2007,8/15/2011,0.0,3.9562,4.7616,5.1507,24,5,90000000,3,0,1,0,0,0,enterprise,0,0,0,1,0,0,0,0,0,0,1,0,1,1,1,1,3.8,1,acquired
CA,37.797435,-122.403175,94017,San Francisco,1,2/14/2005,2/20/2006,4/9/2012,1.0164,7.1534,5.6959,8.1781,10,4,13075000,2,1,0,0,0,0,advertising,0,0,0,0,1,0,0,0,0,0,0,0,1,1,0,0,4.0,1,acquired
CA,37.388077,-122.08316,94041,Mountain View,1,6/1/2007,12/1/2006,1/1/2007,-0.4986,-0.4137,-0.4986,5.7699,10,2,26000000,4,1,0,0,0,0,games_video,0,0,0,0,0,1,0,0,0,0,0,0,1,0,1,0,2.5,1,acquired
MA,42.504817,-71.195611,1803,Burlington,1,1/1/2008,2/28/2011,9/9/2011,3.1616,3.6904,3.0027,4.5041,6,2,16300000,2,0,0,1,0,0,enterprise,0,0,0,1,0,0,0,0,0,0,0,0,0,1,0,0,2.0,1,acquired
TX,30.409765000000004,-97.75101,78759,Austin,1,1/1/2003,6/14/2007,3/23/2010,4.4521,7.2274,7.0055,7.0055,5,2,5992316,1,0,0,0,1,0,enterprise,0,0,0,1,0,0,0,0,0,0,1,0,1,0,0,0,2.0,0,acquired
CA,32.962655,-117.189656,92130,San Diego,1,1/1/2007,1/21/2010,1/4/2012,3.0575,5.011,0.0,0.0,2,4,89400001,0,1,0,0,0,0,biotech,0,0,0,0,0,0,0,1,0,0,1,0,1,1,0,0,4.3333,1,acquired
CA,37.4233698,-122.09868590000002,94303,Palo Alto,0,5/10/2005,2/27/2006,2/27/2006,0.8027,0.8027,5.3151,5.3151,4,1,1200000,1,1,0,0,0,0,software,1,0,0,0,0,0,0,0,0,0,0,0,1,0,0,0,1.0,0,closed
NY,40.729839,-73.991781,10003,New York,0,1/1/2009,3/9/2010,5/19/2010,1.1836,1.3781,1.3288,3.1096,7,2,1900000,2,0,1,0,0,0,web,0,1,0,0,0,0,0,0,0,0,0,1,1,0,0,0,2.5,1,closed
CA,37.779281,-122.419236,94108,San Francisco,0,1/1/1999,5/7/2008,5/26/2011,9.3534,12.4055,7.0055,11.3836,9,3,30300000,2,1,0,0,0,0,games_video,0,0,0,0,0,1,0,0,0,0,1,0,0,0,0,1,4.5,1,closed
NY,40.730646,-73.986614,10013,New York,0,8/29/2006,8/29/2008,8/29/2008,2.0027,2.0027,0.0,0.0,4,1,500000,0,0,1,0,0,0,web,0,1,0,0,0,0,0,0,0,0,0,1,0,0,0,0,5.0,0,closed
CA,34.049767,-118.459387,90405,Santa Monica,1,8/1/2006,8/1/2006,7/18/2013,0.0,6.9671,6.4247,7.3562,19,5,74000000,2,1,0,0,0,0,network_hosting,0,0,0,0,0,0,0,0,0,1,0,1,1,1,1,1,1.75,1,acquired
TX,32.945353999999995,-96.708874,75081,Richardson,1,1/1/2000,2/12/2007,2/12/2007,7.1205,7.1205,0.0,0.0,3,1,18800000,0,0,0,0,1,0,semiconductor,0,0,0,0,0,0,0,0,0,1,0,0,0,0,1,0,7.0,1,acquired
MI,42.8138649,-86.02384599999998,49464,Zeeland,0,1/1/2009,5/1/2009,5/1/2009,0.3288,0.3288,-0.4192,-0.4192,3,1,20000,1,0,0,0,0,1,web,0,1,0,0,0,0,0,0,0,0,0,1,0,0,0,0,1.0,0,closed
VA,38.969532,-77.385948,20170,Herndon,1,1/1/2009,3/1/2009,3/7/2011,0.1616,2.1781,1.5096,2.1781,3,4,3350000,2,0,0,0,0,1,mobile,0,0,1,0,0,0,0,0,0,0,0,1,1,1,0,0,1.5,0,acquired
NJ,40.944543,-74.075419,7652,Paramus,1,1/1/2005,1/7/2010,1/7/2010,5.0192,5.0192,0.0,0.0,1,1,26100000,0,0,0,0,0,1,biotech,0,0,0,0,0,0,0,1,0,0,1,0,0,0,0,0,2.0,1,acquired
PA,40.441694,-79.990086,15213,Pittsburgh,0,1/1/2009,5/31/2010,7/8/2011,1.411,2.5151,0.0,0.0,0,2,1213066,0,0,0,0,0,1,enterprise,0,0,0,1,0,0,0,0,0,0,1,0,0,0,0,0,1.0,1,closed
CA,37.425359,-122.1389633,94306,Palo Alto,1,1/1/2008,11/4/2008,3/21/2012,0.8438,4.2219,0.7616,4.9288,18,3,24030000,3,1,0,0,0,0,advertising,0,0,0,0,1,0,0,0,0,0,0,0,1,1,0,0,3.6667,1,acquired
CA,37.764169,-122.402021,94110,San Francisco,1,10/1/2006,4/1/2007,3/4/2010,0.4986,3.4247,1.9863,5.9616,14,3,13100000,5,1,0,0,0,0,travel,0,0,0,0,0,0,0,0,0,1,0,1,0,1,1,0,1.6667,1,acquired
NY,40.757929,-73.985506,10010,New York,1,4/1/2008,5/1/2008,1/6/2010,0.0822,1.7671,0.3014,5.0082,6,3,560001,5,0,1,0,0,0,software,1,0,0,0,0,0,0,0,0,0,1,1,0,0,0,0,3.5,1,acquired
MN,44.9773,-93.265469,55311,Minneapolis,1,1/1/2009,11/7/2011,11/7/2011,2.8493,2.8493,2.9068,4.1918,7,1,3500000,3,0,0,0,0,1,enterprise,0,0,0,1,0,0,0,0,0,0,0,0,1,0,0,0,2.0,1,acquired
MA,42.368633,-71.075305,2210,Boston,1,1/1/2005,3/1/2005,7/2/2012,0.1616,7.5041,7.0521,8.6192,45,7,121500000,3,0,0,1,0,0,mobile,0,0,1,0,0,0,0,0,0,0,1,0,1,1,1,1,4.5,1,acquired
CA,37.40909600000001,-121.94319099999998,95134,San Jose,1,1/1/2005,12/22/2005,11/4/2008,0.9726,3.8438,2.0,2.0,18,4,42500000,1,1,0,0,0,0,mobile,0,0,1,0,0,0,0,0,0,0,1,0,1,1,1,0,2.5,1,acquired
NC,35.996653,-78.90180500000002,27713,Durham,1,1/1/2000,6/8/2005,6/1/2006,5.4384,6.4192,6.0055,6.0055,26,2,36000000,1,0,0,0,0,1,software,1,0,0,0,0,0,0,0,0,0,1,0,0,0,0,1,3.5,1,acquired
CA,37.793949,-122.398062,94111,San Francisco,0,8/1/2005,3/6/2008,3/6/2008,2.5973,2.5973,2.9178,5.4822,7,1,12170000,2,1,0,0,0,0,enterprise,0,0,0,1,0,0,0,0,0,0,0,0,0,0,1,0,3.0,1,closed
NY,40.730646,-73.986614,10005,New York,1,1/1/2002,10/2/2007,10/2/2007,5.7534,5.7534,8.0055,9.8356,4,1,1000000,2,0,1,0,0,0,software,1,0,0,0,0,0,0,0,0,0,0,0,1,0,0,0,3.0,1,acquired
CA,38.88521,-76.998641,94107,San Francisco,1,7/1/2008,11/1/2011,6/7/2012,3.337,3.937,-2.4986,4.7205,5,3,1820000,4,1,0,0,0,0,mobile,0,0,1,0,0,0,0,0,0,0,0,1,0,0,0,0,1.0,0,acquired
WA,30.6324797,-86.9843446,98033,Kirkland,1,10/1/2003,5/6/2008,2/27/2013,4.6,9.4164,5.2575,9.7753,19,4,5700000000,2,0,0,0,0,1,mobile,0,0,1,0,0,0,0,0,0,0,0,0,0,0,0,0,4.25,1,acquired
TX,32.960431,-96.83026,75001,Addison,1,1/1/2001,12/20/2007,12/20/2007,6.9699,6.9699,0.0849,11.9699,6,1,5000000,2,0,0,0,1,0,security,0,0,0,0,0,0,0,0,0,1,0,0,0,0,1,0,5.0,1,acquired
NY,40.750519,-73.993494,10001,New York,1,1/1/2010,11/3/2010,5/29/2011,0.8384,1.4055,1.6356,1.6356,4,2,18800000,1,0,1,0,0,0,fashion,0,0,0,0,0,0,0,0,0,1,0,0,1,1,0,0,2.5,1,acquired
CA,37.406914,-122.09037,94043,Mountain View,1,1/1/2003,5/6/2005,5/9/2006,2.3452,3.3534,0.0,0.0,3,2,72300000,0,1,0,0,0,0,advertising,0,0,0,0,1,0,0,0,0,0,0,0,0,1,1,0,4.5,1,acquired
CA,33.685697,-117.825982,92612,Irvine,1,3/6/2009,1/15/2009,4/27/2012,-0.1369999999999999,3.1452,-2.0932,4.4082,3,3,1310000,4,1,0,0,0,0,social,0,0,0,0,0,0,0,0,0,1,0,1,0,0,0,0,1.0,0,acquired
MA,42.479262,-71.152277,1801,Woburn,0,1/1/2003,6/1/2005,10/10/2007,2.4164,4.7753,4.0027,4.0027,2,2,15000000,1,0,0,1,0,0,software,1,0,0,0,0,0,0,0,0,0,0,0,1,1,0,0,2.5,1,closed
NY,40.75166110000001,-73.9843328,10011,New York,1,3/1/2004,6/1/2006,11/25/2008,2.2521,4.7397,5.3370000000000015,7.274,22,3,39007789,5,0,1,0,0,0,enterprise,0,0,0,1,0,0,0,0,0,0,0,0,1,1,1,0,3.0,1,acquired
MA,42.504817,-71.195611,1803,Burlington,1,1/1/2004,1/25/2006,1/25/2006,2.0685,2.0685,-1.9151,-1.9151,3,1,25000000,1,0,0,1,0,0,software,1,0,0,0,0,0,0,0,0,0,0,0,0,0,0,1,5.0,1,acquired
MA,42.360253,-71.058291,2210,Boston,1,1/1/2009,5/1/2009,2/4/2011,0.3288,2.0932,1.3288,2.7534,4,3,172500,2,0,0,1,0,0,web,0,1,0,0,0,0,0,0,0,0,0,1,0,0,0,0,1.0,0,acquired
NY,40.730646,-73.986614,10013,New York City,1,3/12/2009,11/10/2010,4/22/2011,1.6658,2.1123,2.3041,3.5507,23,2,6100000,2,0,1,0,0,0,social,0,0,0,0,0,0,0,0,0,1,0,0,1,1,0,0,1.0,1,acquired
CA,37.862592,-122.493561,94939,Larkspur,1,1/1/2004,3/21/2006,12/5/2011,2.2192,7.9315,1.6685,9.0904,7,3,40300000,5,1,0,0,0,0,mobile,0,0,1,0,0,0,0,0,0,0,1,0,0,1,1,0,4.0,1,acquired
CA,34.098242,-118.35697,90046,Los Angeles,0,1/8/2011,5/20/2011,5/20/2011,0.3616,0.3616,0.3753,0.5425,9,1,100000,3,1,0,0,0,0,ecommerce,0,0,0,0,0,0,1,0,0,0,0,1,0,0,0,0,1.0,0,closed
WA,47.6399006,-122.1914274,98104,Seattle,1,9/1/2007,1/1/2008,2/25/2013,0.3342,5.4904,2.7507,5.589,14,5,19389998,2,0,0,0,0,1,education,0,0,0,0,0,0,0,0,0,1,1,0,1,1,1,0,1.5,1,acquired
CA,37.626166,-122.411025,94066,San Bruno,1,1/1/2000,6/25/2002,10/25/2004,2.4822,4.8192,5.5863,11.9452,21,2,61500000,3,1,0,0,0,0,hardware,0,0,0,0,0,0,0,0,0,1,0,0,0,1,0,1,4.0,1,acquired
CA,37.779281,-122.419236,94108,San Francisco,1,1/1/2007,6/10/2010,6/10/2010,3.4411,3.4411,4.0027,5.7178,6,1,6000000,2,1,0,0,0,0,software,1,0,0,0,0,0,0,0,0,0,0,0,1,0,0,0,2.0,1,acquired
MA,42.360253,-71.058291,2114,Boston,1,1/1/2004,12/31/2003,1/1/2009,-0.0027,5.0055,4.9507,7.3726,23,4,19100000,6,0,0,1,0,0,mobile,0,0,1,0,0,0,0,0,0,0,0,0,1,1,1,0,2.5,1,acquired
NY,40.756054,-73.986951,10003,New York,1,10/17/2008,1/6/2009,11/6/2010,0.2219,2.0548,0.0411,3.9178,8,4,3499997,3,0,1,0,0,0,advertising,0,0,0,0,1,0,0,0,0,0,1,0,1,0,0,0,1.5,1,acquired
CA,37.502742,-122.211281,94063,Redwood City,1,3/1/2006,6/1/2007,1/14/2008,1.2521,1.874,4.7178,5.0959,13,3,2600000,2,1,0,0,0,0,network_hosting,0,0,0,0,0,0,0,0,0,1,0,1,1,0,0,0,3.6667,1,acquired
CA,37.779281,-122.419236,94103,San Francisco,1,12/11/2009,7/1/2009,2/3/2011,-0.4466,1.1479,3.0603,3.7479,14,3,2023000,2,1,0,0,0,0,web,0,1,0,0,0,0,0,0,0,0,0,1,1,0,0,0,1.3333,1,acquired
CA,33.685697,-117.825982,92618,Irvine,1,1/1/2002,2/8/2007,2/8/2007,5.1068,5.1068,0.0,0.0,3,1,25000000,0,1,0,0,0,0,semiconductor,0,0,0,0,0,0,0,0,0,1,1,0,0,0,0,0,4.0,1,acquired
CA,34.019657,-118.487549,90404,Santa Monica,1,3/1/2009,11/19/2009,10/3/2012,0.7205,3.5945,2.8384,4.0192,17,4,66000000,4,1,0,0,0,0,fashion,0,0,0,0,0,0,0,0,0,1,1,0,1,1,1,0,2.3333,1,acquired
NY,40.74929,-73.981328,10016,New York,1,9/1/2009,2/1/2011,2/11/2011,1.4192,1.4466,1.663,1.663,5,2,1000000,1,0,1,0,0,0,advertising,0,0,0,0,1,0,0,0,0,0,0,1,0,0,0,0,3.5,0,acquired
CA,37.424298,-122.139809,94306,Palo Alto,1,1/1/2010,5/1/2011,1/24/2012,1.3288,2.063,3.2493,3.7836,11,2,13000000,2,1,0,0,0,0,mobile,0,0,1,0,0,0,0,0,0,0,0,0,1,1,0,0,3.0,1,acquired
MA,42.37564,-71.2358,2451,Waltham,0,1/1/1998,9/9/2005,1/10/2012,7.6932,14.0329,12.5041,14.0329,3,3,24150000,2,0,0,1,0,0,software,1,0,0,0,0,0,0,0,0,0,1,0,1,1,0,0,2.3333,1,closed
CA,37.354469,-121.990433,95051,Santa Clara,0,1/1/2004,11/2/2009,3/20/2012,5.8411,8.2219,0.0,0.0,4,3,47218498,0,1,0,0,0,0,semiconductor,0,0,0,0,0,0,0,0,0,1,1,0,0,0,1,1,3.3333,1,closed
MA,42.37564,-71.2358,2451,Waltham,1,1/1/2002,8/12/2005,5/17/2006,3.6137,4.3753,0.0,7.9178,1,2,11800000,2,0,0,1,0,0,search,0,0,0,0,0,0,0,0,0,1,0,0,0,0,1,1,4.5,1,acquired
NV,35.96544,-115.106579,89052,Henderson,0,9/1/2008,4/7/2010,11/5/2010,1.5973,2.1781,0.0822,0.0822,2,2,2387481,1,0,0,0,0,1,analytics,0,0,0,0,0,0,0,0,0,1,1,0,0,0,0,0,1.0,1,closed
MA,42.346743,-71.07663199999998,2116,Boston,1,1/1/2000,11/1/2000,8/1/2007,0.8356,7.5863,11.589,13.5863,35,4,33000000,5,0,0,1,0,0,consulting,0,0,0,0,0,0,0,0,1,0,1,0,1,1,1,0,2.5,1,acquired
VA,38.872668,-77.367981,22102,McLean,1,1/1/2005,9/3/2007,11/18/2008,2.6712,3.8822,4.0027,7.3205,4,2,7500000,3,0,0,0,0,1,software,1,0,0,0,0,0,0,0,0,0,0,0,1,1,0,0,1.5,1,acquired
CA,37.404788,-121.940842,95134,San Jose,1,1/1/2000,9/29/2006,9/29/2006,6.7479,6.7479,4.0027,4.0027,3,1,25000000,1,1,0,0,0,0,biotech,0,0,0,0,0,0,0,1,0,0,0,0,0,0,1,0,1.0,1,acquired
CA,37.386778,-121.966277,95054,Santa Clara,1,1/1/2002,9/16/2005,12/14/2010,3.7096,8.9562,4.0027,4.0027,7,4,25305000,1,1,0,0,0,0,software,1,0,0,0,0,0,0,0,0,0,1,0,1,1,1,0,2.0,1,acquired
CA,37.444531,-122.163352,94301,Palo Alto,1,1/1/2008,11/1/2008,11/24/2009,0.8356,1.8986,2.3014,3.8356,21,2,4950000,3,1,0,0,0,0,web,0,1,0,0,0,0,0,0,0,0,0,1,1,0,0,0,12.5,1,acquired
CA,37.37968400000001,-121.97514,95054,Santa Clara,1,8/29/2003,12/5/2005,1/12/2010,2.2712,6.3781,0.0,0.0,8,6,53816776,0,1,0,0,0,0,software,1,0,0,0,0,0,0,0,0,0,1,0,0,1,1,1,5.0,1,acquired
NY,37.809782,-122.417306,10003,New York,1,6/1/2005,4/1/2005,5/1/2006,-0.1671,0.9151,2.674,8.3836,15,2,3500000,4,0,1,0,0,0,web,0,1,0,0,0,0,0,0,0,0,0,0,1,1,0,0,5.5,1,acquired
CA,37.388869,-122.072353,94041,Mountain View,1,4/1/2007,4/27/2012,4/27/2012,5.0767,5.0767,4.7562,6.0466,7,1,5000000,2,1,0,0,0,0,enterprise,0,0,0,1,0,0,0,0,0,0,0,0,1,0,0,0,1.0,0,acquired
CA,37.384756,-122.087712,94010,Burlingame,1,6/1/2007,6/1/2007,12/14/2009,0.0,2.5397,3.7699,5.9233,9,3,2515000,3,1,0,0,0,0,network_hosting,0,0,0,0,0,0,0,0,0,1,1,1,1,0,0,0,1.6667,1,acquired
MA,42.6161515,-71.3258687,1851,Lowell,1,1/1/2006,2/1/2007,7/1/2008,1.0849,2.4986,2.5205,5.0192,10,2,8400000,3,0,0,1,0,0,web,0,1,0,0,0,0,0,0,0,0,0,0,1,1,0,0,2.0,1,acquired
CA,34.01695,-118.451933,90405,Santa Monica,0,1/1/2004,8/1/2006,1/1/2008,2.5836,4.0027,2.0301,4.6164,5,2,4900000,3,1,0,0,0,0,mobile,0,0,1,0,0,0,0,0,0,0,0,0,1,1,0,0,1.0,1,closed
WA,47.614422,-122.192337,98004,Bellevue,0,1/1/2001,4/18/2005,4/18/2005,4.2959,4.2959,5.0027,5.0027,3,1,5000000,1,0,0,0,0,1,software,1,0,0,0,0,0,0,0,0,0,1,0,0,0,0,0,5.0,1,closed
NY,40.825655,-73.46762199999998,11797,Woodbury,1,1/1/2001,6/28/2005,6/28/2005,4.4904,4.4904,0.0,0.0,2,1,11000000,0,0,1,0,0,0,public_relations,0,0,0,0,0,0,0,0,0,1,0,0,0,0,1,0,3.0,1,acquired
CA,37.381876,-121.95993,95054,Santa Clara,1,1/1/2000,1/1/2001,4/1/2008,1.0027,8.2548,0.0,0.0,6,4,68400000,0,1,0,0,0,0,mobile,0,0,1,0,0,0,0,0,0,0,1,0,1,0,1,1,4.0,1,acquired
CA,37.779281,-122.419236,94103,San Francisco,1,1/1/2007,2/1/2010,4/12/2011,3.0877,4.2795,3.6356,4.6685,7,2,2000000,2,1,0,0,0,0,software,1,0,0,0,0,0,0,0,0,0,0,1,1,0,0,0,8.5,1,acquired
NY,40.730646,-73.986614,10010,New York,0,4/1/2006,12/1/2006,3/4/2008,0.6685,1.926,0.0,0.0,2,2,10800000,1,0,1,0,0,0,enterprise,0,0,0,1,0,0,0,0,0,0,1,0,1,0,0,0,2.0,1,closed
NY,40.729839,-73.991781,10003,New York,1,5/9/2005,5/1/2005,8/1/2010,-0.0219,5.2329,5.7616,7.4877,31,5,37000000,3,0,1,0,0,0,news,0,0,0,0,0,0,0,0,0,1,1,0,1,1,1,0,2.5,1,acquired
CA,37.419347,-122.089639,94043,Mountain View,1,1/1/2004,7/10/2006,7/10/2006,2.5233,2.5233,4.0027,9.8849,5,1,7660000,3,1,0,0,0,0,security,0,0,0,0,0,0,0,0,0,1,0,0,1,0,0,0,6.0,1,acquired
MA,42.537592,-71.51201,1460,Littleton,1,1/1/2005,5/5/2005,3/23/2010,0.3397,5.2247,3.0,6.0329,5,4,48730000,3,0,0,1,0,0,software,1,0,0,0,0,0,0,0,0,0,1,0,1,1,1,0,3.0,1,acquired
CA,34.054935,-118.244476,90032,Los Angeles,0,1/1/2009,1/1/2009,6/1/2010,0.0,1.4137,1.4137,1.4137,1,2,3350000,1,1,0,0,0,0,messaging,0,0,0,0,0,0,0,0,0,1,0,1,1,0,0,0,2.5,1,closed
CA,34.141876,-118.132377,91203,Glendale,0,9/1/2003,7/17/2007,11/10/2010,3.8767,7.1973,2.6658,7.1973,3,4,28000000,2,1,0,0,0,0,ecommerce,0,0,0,0,0,0,1,0,0,0,1,0,0,1,1,0,3.0,1,closed
TX,30.2702703,-97.742204,78701,Austin,1,1/1/2010,7/1/2011,7/1/2011,1.4959,1.4959,2.0849,2.0849,5,1,2500000,1,0,0,0,1,0,analytics,0,0,0,0,0,0,0,0,0,1,0,0,1,0,0,0,2.0,1,acquired
IL,41.889474,-87.628912,60610,Chicago,1,2/1/2004,6/1/2004,4/1/2005,0.3315,1.1644,2.0795,9.3507,16,2,8000000,4,0,0,0,0,1,web,0,1,0,0,0,0,0,0,0,0,0,0,1,1,0,0,4.0,1,acquired
NY,40.73901,-73.997259,10011,New York,1,10/1/2007,5/1/2008,5/26/2009,0.5836,1.6521,0.6329,4.263,6,2,540000,2,0,1,0,0,0,web,0,1,0,0,0,0,0,0,0,0,0,1,0,0,0,0,2.5,1,acquired
CA,37.780716,-122.39391299999998,94107,San Francisco,1,1/1/2006,1/1/2006,4/1/2007,0.0,1.2466,1.0,5.4384,4,2,3100000,4,1,0,0,0,0,games_video,0,0,0,0,0,1,0,0,0,0,0,1,1,0,0,0,2.0,1,acquired
NY,40.750519,-73.993494,10001,New York,1,4/4/2009,5/7/2010,8/1/2011,1.0904,2.326,2.8301,4.6904,8,2,1200000,2,0,1,0,0,0,mobile,0,0,1,0,0,0,0,0,0,0,0,1,1,0,0,0,6.0,1,acquired
NY,40.752516,-73.973072,10017,New York,0,6/1/2007,6/1/2007,6/1/2007,0.0,0.0,0.1096,0.1096,2,1,5000000,1,0,1,0,0,0,games_video,0,0,0,0,0,1,0,0,0,0,0,0,1,0,0,0,2.0,0,closed
CA,37.785655,-122.398393,CA 94105,San Francisco,1,8/18/2004,4/18/2005,1/1/2012,0.6658,7.3753,2.3726,2.3726,6,6,37079000,1,1,0,0,0,0,security,0,0,0,0,0,0,0,0,0,1,1,0,0,0,1,1,3.8,1,acquired
MA,42.528635,-71.27802199999998,1821,Billerica,1,1/1/2002,5/1/2006,3/1/2013,4.3315,11.1699,8.7041,8.7068,3,4,135826373,2,0,0,1,0,0,other,0,0,0,0,0,0,0,0,0,1,0,0,0,1,0,1,4.3333,1,acquired
CA,32.88945,-117.166929,92121,San Diego,0,1/1/2008,9/1/2007,3/25/2008,-0.3342,0.2301,0.0,0.0,5,2,5000000,0,1,0,0,0,0,mobile,0,0,1,0,0,0,0,0,0,0,1,1,0,0,0,0,1.0,1,closed
NY,40.728425,-73.999882,10012,New York,1,1/1/2011,3/18/2011,2/1/2012,0.2082,1.0849,0.1616,2.6521,3,4,4200000,3,0,1,0,0,0,software,1,0,0,0,0,0,0,0,0,0,0,1,1,0,0,0,3.0,1,acquired
WA,47.59896810000001,-122.33290359999998,98104,Seattle,0,1/1/2005,7/31/2008,7/31/2008,3.5808,3.5808,-1.0027,7.5918,3,1,4100000,3,0,0,0,0,1,web,0,1,0,0,0,0,0,0,0,0,1,0,0,0,0,0,1.0,1,closed
CA,37.222698,-121.979887,95030,Los Gatos,0,1/1/2011,10/10/2011,10/10/2011,0.7726,0.7726,0.3123,1.1479,3,1,2000000,2,1,0,0,0,0,web,0,1,0,0,0,0,0,0,0,0,0,0,0,0,0,0,1.0,0,closed
CO,39.937989,-105.058729,80021,Broomfield,1,1/1/2001,1/1/2006,1/1/2006,5.0027,5.0027,5.4986,5.4986,3,1,6500000,1,0,0,0,0,1,software,1,0,0,0,0,0,0,0,0,0,1,0,0,0,0,0,1.0,1,acquired
CA,37.561111,-122.27048700000002,94404,Foster City,0,6/1/2005,11/13/2006,11/13/2006,1.4521,1.4521,0.0,0.0,0,1,4000000,0,1,0,0,0,0,web,0,1,0,0,0,0,0,0,0,0,0,0,1,0,0,0,3.0,0,closed
CA,37.391642,-122.09393500000002,94040,Mountain View,0,1/1/2010,4/1/2010,1/1/2011,0.2466,1.0,1.1616,1.1616,3,5,185000,1,1,0,0,0,0,mobile,0,0,1,0,0,0,0,0,0,0,1,1,0,0,0,0,2.0,1,closed
OR,45.520247,-122.674195,97214,Portland,1,4/1/2009,12/11/2011,12/11/2011,2.6959,2.6959,3.2192,4.0027,5,1,1300000,2,0,0,0,0,1,mobile,0,0,1,0,0,0,0,0,0,0,0,0,1,0,0,0,1.0,0,acquired
NY,40.74632,-73.982607,10011,New York,1,1/1/2003,10/17/2006,10/17/2006,3.7945,3.7945,0.0,0.0,21,1,45000000,0,0,1,0,0,0,advertising,0,0,0,0,1,0,0,0,0,0,0,0,0,1,0,0,1.0,0,acquired
MA,42.360253,-71.058291,2111,Boston,1,7/1/2008,10/20/2010,10/20/2010,2.3041,2.3041,-0.3342,2.3589,4,1,2500000,3,0,0,1,0,0,search,0,0,0,0,0,0,0,0,0,1,0,0,1,0,0,0,2.0,1,acquired
TX,30.280148,-97.749908,78701,Austin,1,2/1/2005,9/1/2005,10/28/2007,0.5808,2.737,1.9151,4.6603,11,2,9200000,2,0,0,0,1,0,web,0,1,0,0,0,0,0,0,0,0,0,0,1,1,0,0,1.0,1,acquired
CA,34.066697,-118.383367,90211,Beverly Hills,0,8/1/2010,2/10/2009,6/12/2010,-1.4712,-0.1369999999999999,0.0,0.0,0,4,435953,0,1,0,0,0,0,web,0,1,0,0,0,0,0,0,0,0,0,1,0,0,0,0,1.0,0,closed
CT,54.983201,-1.574631,6103,Hartford,0,1/1/2008,1/1/2007,1/1/2008,-1.0,0.0,-1.5863,0.863,9,2,55600000,2,0,0,0,0,1,network_hosting,0,0,0,0,0,0,0,0,0,1,0,0,1,1,0,0,2.0,0,closed
CO,39.616435,-104.879925,80111,Greenwood Village,1,1/1/2001,4/6/2007,4/6/2007,6.263,6.263,1.0,1.0,2,1,10000000,1,0,0,0,0,1,software,1,0,0,0,0,0,0,0,0,0,1,0,0,0,0,0,1.0,0,acquired
WA,47.603832,-122.330062,98109,Seattle,0,1/1/2010,11/1/2010,11/1/2010,0.8329,0.8329,0.6658,0.6658,3,1,12000,1,0,0,0,0,1,games_video,0,0,0,0,0,1,0,0,0,0,0,1,0,0,0,0,1.0,1,closed
MD,38.988766,-76.940952,20742,College Park,0,1/1/2006,1/11/2010,1/31/2010,4.0301,4.0849,0.0,0.0,3,2,2257464,0,0,0,0,0,1,biotech,0,0,0,0,0,0,0,1,0,0,1,0,0,0,0,0,1.0,0,closed
NY,40.729839,-73.991781,10003,New York,1,5/1/2011,7/1/2011,11/10/2011,0.1671,0.5288,0.1671,2.4438,4,2,983000,2,0,1,0,0,0,messaging,0,0,0,0,0,0,0,0,0,1,0,1,0,0,0,0,6.0,1,acquired
CA,34.054935,-118.244476,90015,Los Angeles,1,12/1/2007,5/12/2009,6/3/2010,1.4466,2.5068,2.5014,3.6411,15,2,41000000,2,1,0,0,0,0,fashion,0,0,0,0,0,0,0,0,0,1,0,0,0,1,1,0,1.5,1,acquired
TX,32.969251,-96.823778,75001,Addison,0,1/1/2003,9/1/2006,7/22/2008,3.6685,5.5589,0.0,0.0,0,3,9100000,0,0,0,0,1,0,software,1,0,0,0,0,0,0,0,0,0,1,0,0,1,1,0,1.0,0,closed
CA,38.223032,-122.261642,94558,Napa,0,10/22/2004,4/2/2007,1/1/2012,2.4438,7.1973,-2.0575,6.8767,6,3,25500100,3,1,0,0,0,0,software,1,0,0,0,0,0,0,0,0,0,1,0,0,1,0,0,2.5,1,closed
CA,37.779281,-122.419236,94103,San Francisco,1,1/1/2010,4/19/2010,4/19/2010,0.2959,0.2959,1.5863,1.6658,3,1,400000,2,1,0,0,0,0,web,0,1,0,0,0,0,0,0,0,0,0,1,0,0,0,0,1.0,1,acquired
NY,40.730646,-73.986614,10119,New York,1,1/1/2002,9/26/2006,5/6/2010,4.737,8.3479,0.0,0.0,4,10,22165091,0,0,1,0,0,0,network_hosting,0,0,0,0,0,0,0,0,0,1,1,0,0,1,0,0,2.0,1,acquired
CA,37.763652,-122.421778,94110,San Francisco,1,6/1/2007,8/1/2007,8/1/2007,0.1671,0.1671,0.6712,3.3151,4,1,500000,2,1,0,0,0,0,network_hosting,0,0,0,0,0,0,0,0,0,1,0,0,1,0,0,0,4.0,1,acquired
CA,37.393679,-122.079017,94041,Mountain View,1,2/1/2005,10/1/2005,12/20/2010,0.6629999999999999,5.8849,6.211,8.6082,29,5,70000000,4,1,0,0,0,0,web,0,1,0,0,0,0,0,0,0,0,0,0,1,1,1,1,2.8,1,acquired
IL,42.048203,-88.03156899999998,60143,Itasca,1,3/1/2007,6/3/2008,5/4/2010,1.2603,3.1781,2.8411,2.8411,6,2,4700000,1,0,0,0,0,1,security,0,0,0,0,0,0,0,0,0,1,1,0,1,0,0,0,1.0,1,acquired
MA,37.09024,-95.712891,2142,Cambridge,1,1/1/2006,1/3/2008,1/3/2008,2.0055,2.0055,0.0,0.0,1,1,30000000,1,0,0,1,0,0,ecommerce,0,0,0,0,0,0,1,0,0,0,1,0,0,0,0,0,2.0,1,acquired
MA,42.447318,-71.2245,2421,Lexington,1,1/1/2003,1/24/2005,5/18/2012,2.0658,9.3836,7.0055,7.0055,13,5,39000000,1,0,0,1,0,0,software,1,0,0,0,0,0,0,0,0,0,0,0,0,1,1,1,3.25,1,acquired
CA,37.381341,-121.977065,95054-2913,Santa Clara,1,1/1/2000,6/7/2006,12/29/2008,6.4356,9.0,10.0082,10.0082,10,3,32000000,1,1,0,0,0,0,semiconductor,0,0,0,0,0,0,0,0,0,1,0,0,0,0,0,1,3.0,1,acquired
MA,42.375518,-71.27229200000002,2451,Waltham,1,1/3/2000,2/14/2000,2/26/2001,0.1151,1.1507,0.0,0.0,7,3,42000000,0,0,0,1,0,0,advertising,0,0,0,0,1,0,0,0,0,0,0,0,1,1,1,0,2.6667,1,acquired
CA,33.685697,-117.825982,92618,Irvine,1,1/1/2001,5/16/2005,5/11/2010,4.3726,9.3616,4.0027,9.3616,5,3,24510540,2,1,0,0,0,0,enterprise,0,0,0,1,0,0,0,0,0,0,1,0,1,1,0,0,2.6667,1,acquired
CA,37.441537,-122.158332,94301,Palo Alto,0,1/1/2000,8/26/2005,8/26/2005,5.6548,5.6548,0.0,0.0,0,1,2500000,0,1,0,0,0,0,software,1,0,0,0,0,0,0,0,0,0,1,0,0,0,0,0,2.0,1,closed
FL,28.0385347,-82.5068513,33618,Tampa,1,1/1/2002,8/8/2005,12/3/2009,3.6027,7.926,8.5945,9.1096,1,3,21460663,2,0,0,0,0,1,software,1,0,0,0,0,0,0,0,0,0,0,0,0,1,1,1,4.5,1,acquired
NY,40.730646,-73.986614,10013,New York,1,1/1/2001,5/8/2006,5/8/2006,5.3507,5.3507,0.0,0.0,6,1,15000000,0,0,1,0,0,0,games_video,0,0,0,0,0,1,0,0,0,0,0,0,0,0,1,0,4.0,1,acquired
CA,37.779281,-122.419236,94110,San Francisco,0,1/1/2006,6/1/2007,4/12/2010,1.4137,4.2795,1.3288,5.1836,5,2,889999,2,1,0,0,0,0,mobile,0,0,1,0,0,0,0,0,0,0,1,1,0,0,0,0,3.5,1,closed
CA,37.573045,-122.2823,94404,Foster City,1,1/1/2001,3/22/2005,3/22/2005,4.2219,4.2219,3.0,3.0,6,1,16000000,1,1,0,0,0,0,software,1,0,0,0,0,0,0,0,0,0,0,0,0,1,0,0,3.0,1,acquired
CA,37.762185,-122.467269,94104,San Francisco,1,7/1/2005,12/1/2007,12/1/2007,2.4192,2.4192,2.5041,8.3973,5,1,7000000,4,1,0,0,0,0,web,0,1,0,0,0,0,0,0,0,0,0,0,0,1,0,0,2.0,1,acquired
NY,40.730646,-73.986614,10004,New York,0,6/1/2010,3/1/2011,3/1/2011,0.7479,0.7479,0.0,0.0,3,2,100000,0,0,1,0,0,0,advertising,0,0,0,0,1,0,0,0,0,0,0,1,0,0,0,0,1.0,0,closed
NY,40.73901,-73.997259,10011,New York,1,10/1/2007,8/26/2009,8/26/2009,1.9041,1.9041,1.9041,4.0027,13,1,1500000,3,0,1,0,0,0,music,0,0,0,0,0,0,0,0,0,1,0,0,1,0,0,0,1.0,0,acquired
WA,47.617838,-122.356027,98104,Seattle,1,1/1/2000,1/12/2006,1/12/2006,6.0356,6.0356,10.4959,12.6137,19,1,8000000,4,0,0,0,0,1,web,0,1,0,0,0,0,0,0,0,0,1,0,0,0,0,0,1.0,1,acquired
CA,34.018275,-118.495025,90401,Santa Monica,1,8/1/2007,11/1/2007,4/28/2008,0.2521,0.7425,4.2082,6.3479,22,2,4000000,4,1,0,0,0,0,web,0,1,0,0,0,0,0,0,0,0,0,0,1,1,0,0,3.0,1,acquired
CA,37.7611016,-122.4160008,94110,San Francisco,0,6/20/2009,6/26/2009,6/26/2009,0.0164,0.0164,0.0,0.0,3,1,25000,0,1,0,0,0,0,web,0,1,0,0,0,0,0,0,0,0,0,1,0,0,0,0,1.0,0,closed
CA,37.484347,-122.225803,94063,Redwood City,1,1/1/2003,6/6/2005,1/1/2012,2.4301,9.0055,8.5781,10.0137,10,6,64630000,3,1,0,0,0,0,mobile,0,0,1,0,0,0,0,0,0,0,1,0,0,1,1,0,3.6667,1,acquired
CA,40.787878000000006,-74.388207,94402,San Mateo,0,1/1/2005,1/1/2006,8/25/2008,1.0,3.6493,3.4986,3.4986,10,2,12100000,1,1,0,0,0,0,web,0,1,0,0,0,0,0,0,0,0,0,0,1,1,0,0,1.0,1,closed
CA,37.779281,-122.419236,94111,San Francisco,1,1/1/2001,3/21/2005,8/11/2006,4.2192,5.6110000000000015,5.0027,5.0027,9,2,20000000,1,1,0,0,0,0,software,1,0,0,0,0,0,0,0,0,0,0,0,0,0,1,1,4.5,1,acquired
TX,30.409765000000004,-97.75101,78759,Austin,0,1/1/2003,1/11/2005,5/17/2012,2.0301,9.3808,9.0055,9.0055,10,4,49600000,1,0,0,0,1,0,hardware,0,0,0,0,0,0,0,0,0,1,0,0,0,1,1,0,2.6667,1,closed
CA,34.154942600000005,-118.6545471,91302,Calabasas,1,1/1/2000,7/5/2007,12/10/2009,7.5123,9.9479,0.4164,0.4164,3,5,51450000,1,1,0,0,0,0,games_video,0,0,0,0,0,1,0,0,0,0,1,0,0,0,0,1,5.6667,1,acquired
CA,37.775206,-122.419209,94107,San Francisco,1,6/1/2008,3/27/2008,12/7/2010,-0.1808,2.5178,4.6904,4.6904,7,2,6300000,1,1,0,0,0,0,messaging,0,0,0,0,0,0,0,0,0,1,0,0,1,1,0,0,2.0,1,acquired
NY,40.750519,-73.993494,10001,New York,0,1/1/2010,1/1/2012,1/1/2012,2.0,2.0,1.0274,3.1644,8,1,200000,3,0,1,0,0,0,mobile,0,0,1,0,0,0,0,0,0,0,0,1,0,0,0,0,2.0,1,closed
OH,39.099909,-84.504243,45202,Cincinnati,0,9/1/2011,9/1/2011,9/1/2011,0.0,0.0,0.0,0.0,2,1,20000,1,0,0,0,0,1,fashion,0,0,0,0,0,0,0,0,0,1,0,1,0,0,0,0,1.0,0,closed
MA,42.492256,-71.13454899999998,1864,North Reading,1,1/1/2003,1/1/2003,5/24/2006,0.0,3.3945,6.9781,9.2192,13,2,11600000,3,0,0,1,0,0,hardware,0,0,0,0,0,0,0,0,0,1,0,0,1,0,1,0,2.0,1,acquired
CA,37.391727,-122.077597,94041,Mountain View,1,5/1/2006,6/14/2006,6/14/2006,0.1205,0.1205,-0.2438,5.263,6,1,9150000,2,1,0,0,0,0,web,0,1,0,0,0,0,0,0,0,0,0,0,1,0,0,0,2.0,1,acquired
OH,39.099909,-84.504243,45202,Cincinnati,0,7/1/2009,10/13/2009,10/13/2009,0.2849,0.2849,0.0,0.2849,2,1,1200000,2,0,0,0,0,1,advertising,0,0,0,0,1,0,0,0,0,0,0,0,1,0,0,0,4.0,1,closed
CA,34.054935,-118.244476,90049,Los Angeles,0,2/1/2010,12/1/2011,12/1/2011,1.8301,1.8301,1.1616,1.1616,4,1,1700000,2,1,0,0,0,0,social,0,0,0,0,0,0,0,0,0,1,0,0,0,0,0,0,7.0,1,closed
CA,39.762314,-104.982256,94010,Burlingame,1,1/1/2007,8/1/2007,7/6/2009,0.5808,2.5123,0.5918,4.9699,9,3,1415000,4,1,0,0,0,0,social,0,0,0,0,0,0,0,0,0,1,1,1,0,0,0,0,1.0,1,acquired
CA,37.7915,-122.40045,94104,San Francisco,1,1/1/2005,2/1/2006,2/19/2008,1.0849,3.1342,5.9178,7.9342,16,2,4200000,2,1,0,0,0,0,enterprise,0,0,0,1,0,0,0,0,0,0,0,0,1,1,0,0,1.5,1,acquired
MA,42.354023,-71.05809599999998,2110,Boston,1,1/1/2007,12/1/2007,8/20/2008,0.9151,1.6356,4.8521,6.0904,7,2,500000,2,0,0,1,0,0,web,0,1,0,0,0,0,0,0,0,0,0,1,1,0,0,0,2.0,0,acquired
TX,32.997114,-96.676137,75082,Richardson,1,1/1/2002,12/13/2007,12/13/2007,5.9507,5.9507,0.0,0.0,1,1,21500000,0,0,0,0,1,0,public_relations,0,0,0,0,0,0,0,0,0,1,0,0,0,0,1,0,4.0,1,acquired
UT,40.3310529,-111.7276347,84042,Lindon,1,6/1/2006,6/16/2006,1/1/2008,0.0411,1.5863,2.2795,4.3918,4,2,10000000,2,0,0,0,0,1,web,0,1,0,0,0,0,0,0,0,0,0,0,1,0,0,0,2.0,0,acquired
CA,34.054935,-118.244476,90064,Los Angeles,0,1/1/2004,2/1/2005,7/24/2006,1.0877,2.5616,4.0027,4.0027,7,2,9500000,1,1,0,0,0,0,software,1,0,0,0,0,0,0,0,0,0,0,0,1,1,0,0,2.5,1,closed
NM,35.084103000000006,-106.650985,87102,Albuquerque,0,1/1/2007,12/24/2009,3/17/2012,2.9808,5.211,0.0,0.0,4,2,13875001,0,0,0,0,0,1,cleantech,0,0,0,0,0,0,0,0,0,1,0,0,0,0,0,0,10.0,1,closed
NJ,40.347054,-74.064306,7701,Red Bank,0,1/1/2000,11/25/2010,11/25/2010,10.9068,10.9068,9.2548,9.2548,5,1,275000,1,0,0,0,0,1,software,1,0,0,0,0,0,0,0,0,0,0,1,0,0,0,0,2.0,0,closed
CA,37.426316,-122.141082,94306,Palo Alto,1,1/1/2005,2/1/2005,1/13/2010,0.0849,5.0356,1.8329,1.8329,10,3,19743770,1,1,0,0,0,0,software,1,0,0,0,0,0,0,0,0,0,0,0,0,1,1,0,2.5,1,acquired
MA,42.360253,-71.058291,2110,Boston,1,7/1/2008,8/1/2010,7/7/2012,2.0849,4.0192,2.5041,2.5041,5,5,1178000,1,0,0,1,0,0,software,1,0,0,0,0,0,0,0,0,0,0,1,0,0,0,0,5.0,1,acquired
CA,37.520592,-122.255907,94306,Palo Alto,1,1/1/2005,10/1/2005,10/18/2007,0.7479,2.7945,2.0575,3.8356,5,3,25000000,2,1,0,0,0,0,security,0,0,0,0,0,0,0,0,0,1,0,0,1,1,0,0,2.0,1,acquired
PA,40.60157589999999,-75.3611135,18015,Bethlehem,1,1/1/2004,8/2/2005,3/7/2007,1.5863,3.1808,0.0,0.0,1,3,24150000,0,0,0,0,0,1,semiconductor,0,0,0,0,0,0,0,0,0,1,1,0,1,1,0,0,2.0,1,acquired
CA,37.382162,-122.036301,94086,Sunnyvale,0,1/1/2005,10/1/2006,7/18/2008,1.7479,3.5452,2.0,2.0,4,2,80000000,1,1,0,0,0,0,mobile,0,0,1,0,0,0,0,0,0,0,0,0,1,1,0,0,1.0,0,closed
CA,37.354469,-121.990433,95051,Santa Clara,1,1/1/2004,6/1/2005,4/29/2007,1.4164,3.326,4.4192,9.8164,11,2,36000000,3,1,0,0,0,0,hardware,0,0,0,0,0,0,0,0,0,1,0,0,1,1,0,0,3.5,1,acquired
MO,38.703764,-90.443832,63043,Saint Louis,0,9/19/2006,2/11/2008,2/11/2008,1.3973,1.3973,0.0,0.0,1,1,205000,0,0,0,0,0,1,network_hosting,0,0,0,0,0,0,0,0,0,1,0,1,0,0,0,0,1.0,0,closed
CA,37.387845,-122.055197,94089,Sunnyvale,1,11/17/2002,11/1/2002,2/1/2007,-0.0438,4.211,6.4164,9.0658,27,4,28300000,4,1,0,0,0,0,web,0,1,0,0,0,0,0,0,0,0,0,0,1,1,1,1,2.5,1,acquired
CA,37.550954,-122.315396,94303,Palo Alto,0,7/7/2007,5/1/2006,5/1/2006,-1.1836,-1.1836,0.8301,0.8301,1,1,2000000,1,1,0,0,0,0,web,0,1,0,0,0,0,0,0,0,0,0,0,0,0,0,0,1.0,0,closed
CA,37.627971,-122.426804,94066,San Bruno,1,2/1/2005,11/1/2005,4/1/2006,0.7479,1.1616,2.4,8.8384,63,2,11500000,6,1,0,0,0,0,games_video,0,0,0,0,0,1,0,0,0,0,0,0,1,1,0,0,1.0,1,acquired
NY,40.730646,-73.986614,10018,New York City,0,1/1/2010,11/22/2010,11/22/2010,0.8904,0.8904,1.3288,2.526,15,1,4000000,2,0,1,0,0,0,mobile,0,0,1,0,0,0,0,0,0,0,0,0,1,0,0,0,3.0,1,closed
NY,40.74929,-73.981328,10016,New York,0,8/1/2009,4/19/2010,4/19/2010,0.7151,0.7151,0.7479,2.011,2,1,500000,2,0,1,0,0,0,ecommerce,0,0,0,0,0,0,1,0,0,0,0,1,0,0,0,0,1.0,1,closed
TX,30.387275,-97.759511,78759,Austin,0,6/1/2006,2/27/2007,2/27/2007,0.7425,0.7425,1.1671,3.9151,9,1,4000000,2,0,0,0,1,0,search,0,0,0,0,0,0,0,0,0,1,0,0,1,0,0,0,2.0,1,closed
NY,40.650104,-73.94958199999998,11201,Brooklyn,0,1/1/2010,1/1/2010,6/5/2012,0.0,2.4274,2.4274,2.4986,8,2,9030000,2,0,1,0,0,0,web,0,1,0,0,0,0,0,0,0,0,0,1,1,0,0,0,4.0,1,closed
PA,39.952399,-75.16359,19104,Philadelphia,1,1/1/2005,1/25/2005,5/21/2009,0.0658,4.3863,0.0,0.0,15,4,69900000,0,0,0,0,0,1,biotech,0,0,0,0,0,0,0,1,0,0,0,1,1,0,1,1,4.75,1,acquired
CA,34.050451,-118.437775,90024,Los Angeles,0,9/1/2011,5/1/2012,5/1/2012,0.6658,0.6658,0.4192,0.4192,2,1,20000,1,1,0,0,0,0,messaging,0,0,0,0,0,0,0,0,0,1,0,1,0,0,0,0,1.0,0,closed
IN,39.7672093,-86.1580785,46204,Indianapolis,1,12/1/2000,7/21/2004,10/24/2012,3.6384,11.9041,10.9836,12.6822,29,7,238209999,3,0,0,0,0,1,software,1,0,0,0,0,0,0,0,0,0,1,0,0,0,0,0,2.0,1,acquired
MA,42.504817,-71.195611,1803,Burlington,1,1/1/2004,2/6/2007,9/24/2010,3.1014,6.7342,4.0027,6.7342,3,3,14700000,2,0,0,1,0,0,medical,0,0,0,0,0,0,0,0,0,1,1,0,0,1,0,0,1.0,0,acquired
CA,37.437328,-122.159928,94303,Palo Alto,1,1/1/2007,11/15/2006,11/15/2007,-0.1288,0.8712,-0.5863,1.2137,4,3,430000,2,1,0,0,0,0,games_video,0,0,0,0,0,1,0,0,0,0,0,1,0,0,0,0,1.6667,0,acquired
CA,37.538352,-122.299665,94403,San Mateo,1,6/1/2011,10/1/2012,11/1/2012,1.337,1.4219,0.5863,0.5863,5,2,1015000,1,1,0,0,0,0,enterprise,0,0,0,1,0,0,0,0,0,0,1,0,1,0,0,0,1.0,0,acquired
CA,37.4484914,-122.1802812,94025,Menlo Park,0,4/1/2009,9/10/2009,9/10/2009,0.4438,0.4438,0.8192,0.8192,2,1,1200000,1,1,0,0,0,0,web,0,1,0,0,0,0,0,0,0,0,1,0,0,0,0,0,2.0,1,closed
PA,40.364273,-74.951278,18938,New Hope,1,4/1/2005,1/29/2007,7/29/2008,1.8301,3.3288,3.274,7.6274,16,2,17100000,4,0,0,0,0,1,web,0,1,0,0,0,0,0,0,0,0,0,0,1,1,0,0,2.5,1,acquired
CO,39.6478,-104.9875,80155,Englewood,1,1/1/2004,9/3/2008,9/3/2008,4.6767,4.6767,5.9671,5.9671,0,1,50000000,1,0,0,0,0,1,web,0,1,0,0,0,0,0,0,0,0,1,0,0,0,0,0,4.0,1,acquired
CA,34.054935,-118.244476,90039,Los Angeles,0,1/1/2006,8/28/2006,8/28/2006,0.6548,0.6548,0.0,0.0,3,1,900000,0,1,0,0,0,0,software,1,0,0,0,0,0,0,0,0,0,0,0,1,0,0,0,1.0,1,closed
CA,37.563905,-122.324688,94401,San Mateo,0,4/10/1990,4/1/2007,4/1/2007,16.9863,16.9863,16.663,18.3233,7,1,6000000,2,1,0,0,0,0,network_hosting,0,0,0,0,0,0,0,0,0,1,0,0,1,0,0,0,1.0,1,closed
NY,40.729839,-73.991781,10003,New York,1,1/1/2002,10/1/2002,2/1/2009,0.7479,7.0904,8.0055,9.874,5,2,15100000,3,0,1,0,0,0,advertising,0,0,0,0,1,0,0,0,0,0,0,1,1,0,0,0,1.0,0,acquired
CA,38.232583,-122.636465,94954,Petaluma,1,1/1/2001,1/1/2002,11/16/2009,1.0,8.8795,4.0027,9.1863,7,5,62600000,2,1,0,0,0,0,semiconductor,0,0,0,0,0,0,0,0,0,1,1,0,1,1,1,1,9.3333,1,acquired
CA,37.486368,-122.230116,94063,Redwood City,1,6/1/2006,4/9/2008,1/6/2011,1.8575,4.6027,3.9178,6.4301,15,4,14800000,3,1,0,0,0,0,mobile,0,0,1,0,0,0,0,0,0,0,1,0,0,1,1,0,2.25,1,acquired
CA,34.172904,-118.37403700000002,91601,North Hollywood,1,4/1/2008,4/16/2008,5/23/2011,0.0411,3.1425,1.8466,4.4877,30,2,6875000,5,1,0,0,0,0,web,0,1,0,0,0,0,0,0,0,0,1,0,1,0,0,0,7.0,1,acquired
TX,31.5682893,-97.1973664,76710,Waco,0,12/11/2007,10/24/2008,10/24/2008,0.8712,0.8712,0.0,0.0,1,1,30000,0,0,0,0,1,0,software,1,0,0,0,0,0,0,0,0,0,0,1,0,0,0,0,1.0,0,closed
CA,37.386778,-121.966277,95054,Santa Clara,0,1/1/2000,4/5/2006,4/5/2006,6.263,6.263,6.0055,6.0055,10,1,22200000,1,1,0,0,0,0,public_relations,0,0,0,0,0,0,0,0,0,1,0,0,0,0,0,0,9.0,1,closed
CO,40.0186731,-105.2762236,80302,Boulder,1,5/18/2007,8/1/2007,10/23/2007,0.2055,0.4329,0.4685,2.9507,6,2,415000,2,0,0,0,0,1,network_hosting,0,0,0,0,0,0,0,0,0,1,0,1,0,0,0,0,1.0,1,acquired
NY,40.743808,-73.983626,10010,New York,1,3/1/2007,1/1/2007,12/29/2010,-0.1616,3.8329,3.0027,4.7014,16,4,27063781,4,0,1,0,0,0,web,0,1,0,0,0,0,0,0,0,0,0,0,1,1,1,0,3.5,1,acquired
CA,34.394343,-119.51231,93013,Carpinteria,1,1/1/2003,2/1/2006,2/1/2006,3.0877,3.0877,5.0027,5.0027,6,1,3100000,1,1,0,0,0,0,advertising,0,0,0,0,1,0,0,0,0,0,0,0,1,0,0,0,5.0,1,acquired
CA,37.451124,-122.16626399999998,94025,Menlo Park,0,1/1/2005,3/1/2007,4/15/2008,2.1616,3.2877,3.4986,7.6904,13,2,33000000,4,0,0,0,0,0,search,0,0,0,0,0,0,0,0,0,1,0,0,1,1,0,0,2.5,1,closed
CA,37.430025,-122.09998,94043,Mountain View,1,1/1/2003,10/10/2005,1/1/2008,2.7753,5.0027,4.1644,10.7534,2,3,17400000,2,1,0,0,0,0,web,0,1,0,0,0,0,0,0,0,0,1,0,0,0,1,0,5.0,1,acquired
CA,37.491356,-122.228843,94025,Menlo Park,1,1/1/2005,1/1/2005,5/21/2008,0.0,3.3863,5.3973,8.7123,17,5,28300000,4,1,0,0,0,0,web,0,1,0,0,0,0,0,0,0,0,0,1,1,1,1,1,2.0,1,acquired
CA,37.563585,-122.324621,94043,Mountain View,1,12/1/2006,9/1/2006,1/29/2009,-0.2493,2.1644,1.411,6.537000000000001,42,4,46800000,6,1,0,0,0,0,advertising,0,0,0,0,1,0,0,0,0,0,0,0,1,1,1,0,2.5,1,acquired
IL,41.879535,-87.624333,60654,Chicago,1,1/1/2009,5/1/2010,1/12/2011,1.3288,2.0301,2.0,2.0301,5,3,1525000,2,0,0,0,0,1,ecommerce,0,0,0,0,0,0,1,0,0,0,0,1,0,0,0,0,2.6667,1,acquired
NY,40.730646,-73.986614,10010,New York City,1,11/15/2011,3/18/2012,3/18/2012,0.3397,0.3397,0.5452,1.7151,9,1,1200000,3,0,1,0,0,0,travel,0,0,0,0,0,0,0,0,0,1,0,1,0,0,0,0,5.0,1,acquired
CA,37.391642,-122.09393500000002,94040,Mountain View,1,5/1/2005,7/5/2005,5/11/2009,0.1781,4.0301,3.674,7.2438,6,3,12400000,4,1,0,0,0,0,web,0,1,0,0,0,0,0,0,0,0,1,0,1,1,0,0,1.6667,1,acquired
PA,39.959721,-75.605964,19380,West Chester,0,1/1/2006,8/2/2010,8/2/2010,4.5863,4.5863,0.0,0.0,1,1,100000,0,0,0,0,0,1,biotech,0,0,0,0,0,0,0,1,0,0,1,0,0,0,0,0,1.0,1,closed
CA,37.779281,-122.419236,94105,San Francisco,1,1/1/2003,3/22/2005,4/29/2010,2.2219,7.3288,7.0055,7.0055,4,3,11000000,1,1,0,0,0,0,software,1,0,0,0,0,0,0,0,0,0,1,1,0,1,0,0,1.6667,1,acquired
TN,36.16223,-86.774353,37201,Nashville,1,1/1/2010,5/5/2011,4/12/2012,1.3397,2.2795,1.0,1.0,3,2,675000,1,0,0,0,0,1,web,0,1,0,0,0,0,0,0,0,0,0,1,0,0,0,0,1.5,0,acquired
CA,37.3725243,-122.035963,94086,Sunnyvale,1,1/1/2005,1/1/2005,5/22/2007,0.0,2.3863,0.0,0.0,5,2,13000000,0,1,0,0,0,0,software,1,0,0,0,0,0,0,0,0,0,0,0,1,1,0,0,2.5,1,acquired
NY,40.728425,-73.999882,10012,New York,1,2/1/2010,11/1/2010,11/1/2010,0.7479,0.7479,1.0329,2.4986,5,1,3500000,2,0,1,0,0,0,social,0,0,0,0,0,0,0,0,0,1,0,0,0,0,0,0,2.0,1,acquired
MA,42.49173,-71.28179499999997,1730,Bedford,0,1/1/2001,12/7/2005,12/7/2005,4.9342,4.9342,0.0,0.0,2,1,12000000,1,0,0,1,0,0,hardware,0,0,0,0,0,0,0,0,0,1,0,0,0,0,1,0,4.0,1,closed
CA,37.524422,-122.265869,94002,Belmont,1,1/1/2007,8/1/2007,11/7/2011,0.5808,4.8521,0.9068,5.4164,10,5,78573646,4,1,0,0,0,0,games_video,0,0,0,0,0,1,0,0,0,0,0,0,1,1,1,0,4.3333,1,acquired
TN,36.13996,-86.796377,37212,Nashville,1,1/1/2007,6/15/2007,1/29/2013,0.4521,6.0822,3.7425,3.7425,2,3,15286415,1,0,0,0,0,1,photo_video,0,0,0,0,0,0,0,0,0,1,0,0,1,0,0,0,1.0,0,acquired
CA,37.79402,-122.4031242,94111,San Francisco,1,1/1/2008,9/17/2008,9/17/2008,0.7123,0.7123,1.5836,3.0027,5,1,3200000,3,1,0,0,0,0,web,0,1,0,0,0,0,0,0,0,0,0,0,1,0,0,0,1.0,1,acquired
WA,47.184901,-122.292141,98371,Puyallup,0,3/1/2011,3/7/2011,3/7/2011,0.0164,0.0164,0.0,0.0,1,1,30000,1,0,0,0,0,1,advertising,0,0,0,0,1,0,0,0,0,0,0,1,0,0,0,0,2.0,0,closed
CA,37.538352,-122.299665,94403,San Mateo,1,1/1/2002,1/1/2002,10/24/2012,0.0,10.8192,9.5863,9.5863,28,3,14650003,1,1,0,0,0,0,software,1,0,0,0,0,0,0,0,0,0,0,1,0,0,0,1,1.0,0,acquired
CA,37.7710177,-122.4025976,94110,San Francisco,1,1/1/2003,2/27/2006,9/1/2008,3.1589,5.6712,9.0055,9.0055,9,2,23500000,1,1,0,0,0,0,software,1,0,0,0,0,0,0,0,0,0,1,0,0,1,0,0,5.0,1,acquired
MA,42.493447,-71.514104,1719,Boxborough,0,1/1/2001,1/3/2006,1/3/2006,5.0082,5.0082,0.0,0.0,2,1,980000,0,0,0,1,0,0,software,1,0,0,0,0,0,0,0,0,0,0,0,0,0,0,0,1.0,0,closed
CA,37.390956,-122.032795,94085,Sunnyvale,0,1/1/2004,2/26/2007,2/26/2007,3.1562,3.1562,0.0,0.0,0,1,20000000,0,1,0,0,0,0,hardware,0,0,0,0,0,0,0,0,0,1,0,0,0,1,0,0,3.0,1,closed
WA,47.603327,-122.334983,98104,Seattle,0,12/1/2004,1/1/2004,1/1/2004,-0.9178,-0.9178,0.0,0.0,4,1,1500000,0,0,0,0,0,1,web,0,1,0,0,0,0,0,0,0,0,0,0,0,0,0,0,3.0,0,closed
CA,34.031328,-118.471463,90404,Santa Monica,1,1/1/2004,3/4/2008,7/14/2009,4.1753,5.537000000000001,6.3836,6.3836,0,2,8000000,1,1,0,0,0,0,games_video,0,0,0,0,0,1,0,0,0,0,0,0,1,0,0,0,1.5,1,acquired
CA,37.453687,-122.228595,94401,San Mateo,1,10/1/2005,1/28/2006,6/10/2010,0.326,4.6932,3.2548,4.6932,13,4,25200000,3,1,0,0,0,0,software,1,0,0,0,0,0,0,0,0,0,0,0,1,1,1,1,4.0,1,acquired
CA,37.552262,-122.292146,94403,San Mateo,1,6/1/2003,3/1/2006,1/1/2008,2.7507,4.589,7.9205,9.211,21,4,61000000,2,1,0,0,0,0,software,1,0,0,0,0,0,0,0,0,0,0,0,1,1,1,0,3.0,1,acquired
CA,37.396312,-121.961396,95054,Santa Clara,1,5/1/2006,9/1/2007,8/19/2010,1.337,4.3041,2.0822,5.8356,12,4,46300000,4,1,0,0,0,0,games_video,0,0,0,0,0,1,0,0,0,0,1,0,1,1,1,0,4.25,1,acquired
MD,38.963492,-77.091025,20815,Chevy Chase,1,1/1/2002,1/10/2006,4/8/2010,4.0274,8.2712,5.811,11.0986,15,4,24500000,5,0,0,0,0,1,software,1,0,0,0,0,0,0,0,0,0,0,0,0,1,1,1,4.3333,1,acquired
CA,37.496904,-122.333057,94404,San Mateo,0,1/1/2006,12/27/2006,8/29/2007,0.9863,1.6575,-1.3342,-1.3342,1,2,7500000,1,1,0,0,0,0,games_video,0,0,0,0,0,1,0,0,0,0,0,0,1,0,0,0,1.0,0,closed
CA,37.557637,-122.28571399999998,94304,Palo Alto,1,1/1/2003,4/1/2006,4/1/2006,3.2493,3.2493,3.8356,7.8959,19,1,14500000,3,1,0,0,0,0,enterprise,0,0,0,1,0,0,0,0,0,0,0,0,0,0,1,0,9.0,1,acquired
WA,47.5827803,-122.1548103,98005,Bellevue,0,1/1/2007,8/25/2009,8/25/2009,2.6493,2.6493,1.0,1.0,1,1,29000000,1,0,0,0,0,1,games_video,0,0,0,0,0,1,0,0,0,0,1,0,0,0,0,0,5.0,1,closed
CA,37.390233,-122.033741,94085,Sunnyvale,1,1/1/2005,1/1/2005,5/19/2008,0.0,3.3808,5.6795,5.6795,5,3,24000000,1,1,0,0,0,0,network_hosting,0,0,0,0,0,0,0,0,0,1,0,0,1,1,1,0,2.6667,1,acquired
CA,34.1411985,-118.7040908,91302,Calabasas,1,1/1/2000,5/9/2005,3/15/2010,5.3562,10.2082,8.0055,8.0055,2,4,81017493,1,1,0,0,0,0,semiconductor,0,0,0,0,0,0,0,0,0,1,1,0,0,0,1,1,5.6667,1,acquired
CA,41.78942,-87.596232,94105,San Francisco,1,10/1/2007,8/6/2009,12/2/2009,1.8493,2.1726,2.1699,5.0822,4,2,1000000,3,1,0,0,0,0,analytics,0,0,0,0,0,0,0,0,0,1,0,1,0,0,0,0,4.5,1,acquired
CO,39.977763,-105.13193,80027,Louisville,1,1/1/2010,2/7/2011,11/15/2011,1.1014,1.8712,2.6466,2.6959,14,2,12010000,2,0,0,0,0,1,software,1,0,0,0,0,0,0,0,0,0,1,0,1,0,0,0,2.5,1,acquired
MA,42.479262,-71.152277,1801,Woburn,1,1/1/2002,10/3/2005,10/3/2005,3.7562,3.7562,-1.0,8.674,2,1,22000000,3,0,0,1,0,0,mobile,0,0,1,0,0,0,0,0,0,0,0,0,0,0,1,0,4.0,1,acquired
CA,37.459177,-122.173907,94025,Menlo Park,0,1/1/1999,6/12/2007,6/12/2007,8.4493,8.4493,0.0,0.0,1,1,42700000,0,1,0,0,0,0,biotech,0,0,0,0,0,0,0,1,0,0,0,0,0,1,0,0,3.0,1,closed
CA,37.4587657,-122.1725191,94025,Menlo Park,1,1/1/2000,12/21/2005,5/22/2007,5.9753,7.3918,4.0027,4.0027,5,3,80000000,1,1,0,0,0,0,software,1,0,0,0,0,0,0,0,0,0,1,0,0,0,0,1,4.0,1,acquired
CA,37.288326,-121.945633,95008-2069,Campbell,1,1/25/2010,3/24/2011,3/24/2011,1.1589,1.1589,-0.0658,2.9616,3,1,205000,3,1,0,0,0,0,web,0,1,0,0,0,0,0,0,0,0,0,1,0,0,0,0,7.0,1,acquired
NY,40.730646,-73.986614,10017,New York,1,10/1/2008,7/7/2010,7/7/2010,1.7644,1.7644,0.0,3.0849,5,1,3750000,2,0,1,0,0,0,analytics,0,0,0,0,0,0,0,0,0,1,0,0,1,0,0,0,1.0,1,acquired
CA,37.441537,-122.158332,94301,Palo Alto,0,8/1/2010,8/1/2010,3/23/2011,0.0,0.6411,1.5836,3.0685,11,2,41000000,2,1,0,0,0,0,other,0,0,0,0,0,0,0,0,0,1,0,0,1,1,0,0,1.5,1,closed
CA,37.393536,-122.076747,94306,Palo Alto,1,2/1/2008,11/11/2009,6/21/2010,1.7781,2.3863,2.3123,4.6301,37,2,76000000,3,1,0,0,0,0,games_video,0,0,0,0,0,1,0,0,0,0,0,0,1,0,0,0,4.0,1,acquired
MA,42.493447,-71.514104,1719,Boxborough,1,1/1/2006,1/1/2006,10/1/2008,0.0,2.7507,3.3315,5.2438,9,2,20000000,2,0,0,1,0,0,enterprise,0,0,0,1,0,0,0,0,0,0,0,0,1,1,0,0,1.0,1,acquired
CA,37.779281,-122.419236,94107,San Francisco,1,4/30/2009,8/13/2010,3/6/2013,1.2877,3.8521,1.3945,4.2356,11,2,9356180,4,1,0,0,0,0,analytics,0,0,0,0,0,0,0,0,0,1,0,0,1,1,0,0,1.5,1,acquired
NY,40.743662,-73.984268,10016,New York,0,4/16/2013,4/1/2004,4/1/2004,-9.0466,-9.0466,-6.0466,-3.8822,6,1,100000,2,0,1,0,0,0,advertising,0,0,0,0,1,0,0,0,0,0,0,1,0,0,0,0,1.0,0,closed
GA,33.7812614,-84.36756170000002,30309,Atlanta,1,1/1/2007,1/28/2009,8/29/2011,2.0767,4.6603,4.5836,4.726,9,2,13600000,2,0,0,0,0,1,software,1,0,0,0,0,0,0,0,0,0,0,0,0,1,1,0,3.0,1,acquired
CA,37.7766184,-122.3938931,94107,San Francisco,1,10/1/2006,12/1/2007,12/1/2007,1.1671,1.1671,1.926,4.0137,19,1,3000000,4,1,0,0,0,0,advertising,0,0,0,0,1,0,0,0,0,0,0,0,1,0,0,0,2.0,1,acquired
CA,37.791564,-122.399981,94104,San Francisco,0,1/1/2005,11/16/2006,6/23/2011,1.874,6.4767,0.0,0.0,4,5,21138876,0,1,0,0,0,0,advertising,0,0,0,0,1,0,0,0,0,0,1,0,1,1,0,0,2.0,1,closed
MA,42.36401400000001,-71.101375,2139,Cambridge,1,3/31/2009,6/10/2009,1/11/2010,0.1945,0.7836,1.211,2.3836,13,4,2345000,3,0,0,1,0,0,enterprise,0,0,0,1,0,0,0,0,0,0,0,1,1,0,0,0,5.75,1,acquired
CA,37.566123,-122.323045,94401,San Mateo,0,1/15/2005,11/1/2005,11/1/2005,0.7945,0.7945,2.0466,3.326,7,1,4000000,4,1,0,0,0,0,web,0,1,0,0,0,0,0,0,0,0,0,0,1,0,0,0,1.0,0,closed
CA,37.406914,-122.09037,94043,Mountain View,0,1/1/2003,10/23/2006,3/5/2008,3.811,5.1781,1.7507,3.589,2,2,17000000,2,1,0,0,0,0,software,1,0,0,0,0,0,0,0,0,0,1,0,0,0,1,0,3.0,1,closed
NY,40.750519,-73.993494,10001,New York,1,1/1/2009,10/20/2010,10/20/2010,1.8,1.8,1.9151,1.9151,8,1,1100000,1,0,1,0,0,0,web,0,1,0,0,0,0,0,0,0,0,0,1,0,0,0,0,8.0,1,acquired
KY,38.046407,-84.497039,40507,Lexington,1,7/26/2010,4/30/2010,6/1/2011,-0.2384,0.8493,0.9014,0.9014,3,4,59700,1,0,0,0,0,1,software,1,0,0,0,0,0,0,0,0,0,0,1,0,0,0,0,1.0,1,acquired
CA,37.814202,-122.477959,94025,Menlo Park,1,11/3/2008,10/31/2008,10/31/2008,-0.0082,-0.0082,2.9726,3.7041,12,1,2350000,3,1,0,0,0,0,enterprise,0,0,0,1,0,0,0,0,0,0,0,0,1,0,0,0,2.0,1,acquired
VA,38.87804000000001,-77.436151,22031,Chantilly,0,1/1/2006,11/19/2007,11/19/2007,1.8822,1.8822,1.0,1.0,2,1,10000000,1,0,0,0,0,1,software,1,0,0,0,0,0,0,0,0,0,0,0,1,0,0,0,2.0,1,closed
CA,37.424298,-122.139809,94306,Palo Alto,0,1/1/2011,9/5/2011,6/13/2012,0.6767,1.4493,0.0,0.0,2,2,21189,1,1,0,0,0,0,mobile,0,0,1,0,0,0,0,0,0,0,1,1,0,0,0,0,1.0,1,closed
MA,42.3988661,-71.253781,2451,Waltham,1,1/1/2004,6/14/2006,2/25/2009,2.4521,5.1562,7.6712,8.2219,7,3,28000000,2,0,0,1,0,0,software,1,0,0,0,0,0,0,0,0,0,0,0,1,1,1,0,2.6667,1,acquired
CA,37.386778,-121.966277,95054,Santa Clara,0,1/1/2002,5/1/2005,5/1/2005,3.3315,3.3315,0.0,0.0,0,1,9500000,0,1,0,0,0,0,software,1,0,0,0,0,0,0,0,0,0,1,0,0,0,0,0,2.0,0,closed
CA,37.352313,-121.967982,95054,Santa Clara,1,10/1/2003,6/30/2005,4/22/2009,1.7479,5.5616,2.2548,2.2548,5,3,69600000,1,1,0,0,0,0,semiconductor,0,0,0,0,0,0,0,0,0,1,1,0,0,1,0,1,7.6667,1,acquired
VA,38.919954,-77.21249300000002,22102,McLean,1,3/1/2003,11/4/2005,7/29/2009,2.6822,6.4164,2.8411,7.2356,11,3,23500000,2,0,0,0,0,1,mobile,0,0,1,0,0,0,0,0,0,0,1,0,0,1,1,0,3.6667,1,acquired
OR,45.413842,-122.725662,97035,Lake Oswego,1,1/1/2002,6/21/2006,6/21/2006,4.4712,4.4712,6.7534,6.7534,6,1,13000000,1,0,0,0,0,1,software,1,0,0,0,0,0,0,0,0,0,0,0,0,0,0,1,4.0,1,acquired
NY,40.73901,-73.997259,10011,New York,1,1/1/2005,7/25/2006,2/27/2008,1.5616,3.1562,3.0,3.4959,8,2,21750000,2,0,1,0,0,0,games_video,0,0,0,0,0,1,0,0,0,0,1,0,0,1,0,0,2.0,1,acquired
PA,40.602206,-75.47127900000002,18106,Allentown,0,1/1/2000,2/28/2005,2/28/2005,5.1644,5.1644,0.0,0.0,0,1,5750000,0,0,0,0,0,1,public_relations,0,0,0,0,0,0,0,0,0,1,0,0,0,0,1,0,4.0,1,closed
ME,42.645342,-71.23454699999998,1876,Tewksbury,1,1/1/2005,9/26/2005,3/6/2006,0.7342,1.1753,0.1616,0.1616,1,2,23400000,1,0,0,0,0,1,software,1,0,0,0,0,0,0,0,0,0,0,0,1,1,0,0,2.5,1,acquired
CA,37.48657100000001,-122.229161,94063,Redwood City,0,3/1/2007,3/25/2008,3/25/2008,1.0685,1.0685,0.8384,3.9918,4,1,4300000,3,1,0,0,0,0,advertising,0,0,0,0,1,0,0,0,0,0,0,0,1,0,0,0,2.0,1,closed
TX,30.384453000000004,-97.709809,78746,Austin,1,8/28/2005,11/12/2007,4/22/2010,2.2082,4.6521,-0.6548,-0.6548,1,2,20000000,1,0,0,0,1,0,security,0,0,0,0,0,0,0,0,0,1,1,0,0,0,1,0,2.0,1,acquired
CA,37.3777985,-121.9744545,95054,Santa Clara,1,1/1/2004,3/26/2008,5/10/2013,4.2356,9.3616,5.0055,5.0055,16,2,51000000,1,1,0,0,0,0,biotech,0,0,0,0,0,0,0,1,0,0,0,0,0,0,1,0,3.5,1,acquired
MA,42.241765,-71.166164,2026,Dedham,1,1/1/2000,9/8/2003,2/17/2010,3.6877,10.137,3.0027,3.0027,2,4,27101994,1,0,0,1,0,0,enterprise,0,0,0,1,0,0,0,0,0,0,1,0,0,1,0,0,4.6667,1,acquired
CA,37.320309,-122.05004,95014,Cupertino,1,1/1/2001,2/24/2006,2/24/2006,5.1507,5.1507,4.0027,4.0027,6,1,6480000,1,1,0,0,0,0,public_relations,0,0,0,0,0,0,0,0,0,1,0,0,0,0,0,1,3.0,1,acquired
CA,37.477037,-122.15164,94085,Sunnyvale,1,5/1/2007,10/1/2007,7/24/2009,0.4192,2.2329,2.2329,4.337,8,2,35000000,2,1,0,0,0,0,enterprise,0,0,0,1,0,0,0,0,0,0,0,0,1,1,0,0,2.5,1,acquired
MA,42.358956,-71.054776,2109,Boston,0,1/1/2010,7/1/2006,5/25/2010,-3.5068,0.3945,-0.937,0.0849,5,3,11300000,2,0,0,1,0,0,web,0,1,0,0,0,0,0,0,0,0,1,0,0,1,1,0,1.0,1,closed
GA,33.956215,-83.987962,30043,Lawrenceville,0,1/1/2012,4/19/2012,4/19/2012,0.2986,0.2986,0.2986,0.2986,1,1,19000,1,0,0,0,0,1,ecommerce,0,0,0,0,0,0,1,0,0,0,0,1,0,0,0,0,1.0,0,closed
NJ,40.728158,-74.077642,7302,Jersey City,1,1/1/2005,9/1/2006,4/20/2010,1.6658,5.3014,5.8356,8.3534,27,6,78500000,3,0,0,0,0,1,ecommerce,0,0,0,0,0,0,1,0,0,0,0,0,1,1,1,1,3.4,1,acquired
NY,40.730646,-73.986614,10012,NYC,0,11/15/2011,1/10/2012,1/10/2012,0.1534,0.1534,0.0,0.0,4,1,600000,0,0,1,0,0,0,web,0,1,0,0,0,0,0,0,0,0,0,1,0,0,0,0,2.0,0,closed
MD,38.97864000000001,-76.492786,21401,Annapolis,1,1/1/2000,6/28/2005,7/31/2006,5.4932,6.5836,6.7534,6.7534,3,2,13000000,1,0,0,0,0,1,network_hosting,0,0,0,0,0,0,0,0,0,1,0,0,1,1,0,0,1.5,1,acquired
CA,37.386665,-122.084171,94040,Mountain View,0,7/1/2005,7/1/2005,5/1/2008,0.0,2.8356,2.9205,4.3096,7,5,43600000,3,1,0,0,0,0,search,0,0,0,0,0,0,0,0,0,1,0,0,1,1,1,1,3.0,1,closed
CA,37.776246,-122.4179223,94103,San Francisco,1,9/10/2008,1/19/2009,2/29/2012,0.3589,3.4712,3.3397,5.1918,38,5,142000000,3,1,0,0,0,0,enterprise,0,0,0,1,0,0,0,0,0,0,0,0,1,1,1,1,5.2,1,acquired
CA,37.406914,-122.09037,94043,Mountain View,1,4/11/2008,6/17/2010,8/1/2011,2.1836,3.3068,2.7260000000000004,3.5425,6,2,2000000,2,1,0,0,0,0,web,0,1,0,0,0,0,0,0,0,0,1,0,1,0,0,0,1.5,1,acquired
TX,30.354768,-97.798152,78730,Austin,1,1/1/2001,1/1/2003,1/17/2005,2.0,4.0466,6.0027,6.0027,4,3,26800000,1,0,0,0,1,0,software,1,0,0,0,0,0,0,0,0,0,0,0,1,1,1,0,3.0,1,acquired
CA,37.261986,-121.784279,95138,San Jose,0,1/1/2006,4/17/2007,5/21/2012,1.2904,6.388999999999999,0.0,0.0,2,6,55900000,1,1,0,0,0,0,hardware,0,0,0,0,0,0,0,0,0,1,1,0,1,1,1,0,3.2,1,closed
CA,37.386665,-122.084171,94040,Mountain View,1,2/23/2005,10/1/2006,12/17/2007,1.6027,2.8137,3.4301,7.411,14,2,11000000,3,1,0,0,0,0,mobile,0,0,1,0,0,0,0,0,0,0,0,0,1,1,0,0,2.0,1,acquired
CA,37.386778,-121.966277,95054,Santa Clara,1,1/1/2009,6/1/2009,6/23/2011,0.4137,2.474,3.0,3.0,19,3,31500000,1,1,0,0,0,0,enterprise,0,0,0,1,0,0,0,0,0,0,0,0,1,1,1,0,3.3333,1,acquired
DC,38.894955,-77.03664599999998,20009,Washington,1,6/12/2009,10/30/2012,10/30/2012,3.3863,3.3863,-0.0301,4.4274,4,1,1500000,2,0,0,0,0,1,enterprise,0,0,0,1,0,0,0,0,0,0,1,0,0,0,0,0,2.0,0,acquired
NY,40.729839,-73.991781,10003,New York,0,5/17/2011,5/20/2011,7/9/2012,0.0082,1.1479,-0.0219,1.2274,5,3,900000,3,0,1,0,0,0,social,0,0,0,0,0,0,0,0,0,1,0,1,0,0,0,0,1.5,1,closed
CA,37.2615879,-121.9578487,95008,Campbell,1,1/1/2003,6/17/2004,5/22/2009,1.4603,6.3918,6.4192,6.4192,4,3,58000000,1,1,0,0,0,0,biotech,0,0,0,0,0,0,0,1,0,0,0,0,1,1,1,0,5.0,1,acquired
MA,42.48510200000001,-71.211568,1803,Burlington,1,1/1/2007,7/1/2007,12/19/2011,0.4959,4.9671,1.0,4.5123,10,4,29050000,2,0,0,1,0,0,software,1,0,0,0,0,0,0,0,0,0,1,0,0,1,0,0,2.6667,1,acquired
NV,36.170538,-115.101942,89101,Las Vegas,1,1/1/2011,10/5/2011,6/14/2013,0.7589,2.4521,2.1644,2.9014,3,2,250000,2,0,0,0,0,1,news,0,0,0,0,0,0,0,0,0,1,0,1,0,0,0,0,1.5,1,acquired
CA,37.386778,-121.966277,95054,Santa Clara,0,1/1/2003,8/25/2006,8/25/2006,3.6493,3.6493,0.0,0.0,2,1,21000000,0,1,0,0,0,0,software,1,0,0,0,0,0,0,0,0,0,0,0,0,0,1,0,4.0,1,closed
NY,40.907974,-73.84179,10016,New York,1,1/1/2000,3/1/2004,6/7/2007,4.1671,7.4356,0.0,0.0,25,2,35000000,0,0,1,0,0,0,advertising,0,0,0,0,1,0,0,0,0,0,1,0,1,0,0,0,3.5,1,acquired
CA,37.779281,-122.419236,94105,San Francisco,0,8/16/2010,8/15/2010,8/15/2010,-0.0027,-0.0027,0.0356,0.0356,2,1,500000,1,1,0,0,0,0,web,0,1,0,0,0,0,0,0,0,0,0,1,0,0,0,0,1.0,0,closed
TX,32.997114,-96.676137,75082,Richardson,1,1/1/2000,8/10/2005,6/21/2006,5.6110000000000015,6.474,4.0027,4.0027,3,2,30920000,1,0,0,0,1,0,public_relations,0,0,0,0,0,0,0,0,0,1,1,0,0,0,0,0,3.5,1,acquired
CA,37.409147,-122.01546299999998,94089,Sunnyvale,1,1/1/2002,1/1/2004,1/12/2010,2.0,8.0356,6.5863,6.5863,9,4,29288979,1,1,0,0,0,0,software,1,0,0,0,0,0,0,0,0,0,1,0,1,1,1,0,2.6667,1,acquired
MA,42.6555302,-71.1455618,1810,Andover,0,1/1/1999,2/4/2007,5/12/2011,8.0986,12.3671,11.8411,12.0548,11,4,24200000,2,0,0,1,0,0,software,1,0,0,0,0,0,0,0,0,0,1,0,1,0,1,0,2.3333,1,closed
CA,37.351894,-122.085807,94024,Los Altos,1,10/1/2006,10/1/2007,10/1/2007,1.0,1.0,1.2521,5.2548,4,1,1000000,3,1,0,0,0,0,web,0,1,0,0,0,0,0,0,0,0,0,0,1,0,0,0,1.0,0,acquired
MN,44.912723,-93.499059,55343,Minnetonka,1,1/1/2003,1/1/2004,1/21/2006,1.0,3.0575,5.4192,5.4192,3,2,5550000,1,0,0,0,0,1,web,0,1,0,0,0,0,0,0,0,0,0,1,1,0,0,0,1.0,1,acquired
CA,37.4063024,-122.1088743,94040,Mountain View,0,7/27/2009,6/1/2009,11/29/2011,-0.1534,2.3425,0.063,1.5836,8,2,3000000,3,1,0,0,0,0,mobile,0,0,1,0,0,0,0,0,0,0,0,1,1,0,0,0,3.5,1,closed
CA,37.391642,-122.09393500000002,94040,Mountain View,1,10/1/2005,6/5/2006,9/1/2007,0.6767,1.9178,4.9781,6.6548,13,2,14300000,3,1,0,0,0,0,web,0,1,0,0,0,0,0,0,0,0,0,0,1,1,0,0,4.5,1,acquired
CA,32.901049,-117.192656,92121,San Diego,0,1/1/2002,3/21/2006,3/21/2006,4.2192,4.2192,0.0,0.0,0,1,1000000,0,1,0,0,0,0,network_hosting,0,0,0,0,0,0,0,0,0,1,1,0,0,0,0,0,2.0,0,closed
CA,37.417002,-122.07871000000002,94043,Mountain View,1,1/1/2003,7/25/2005,5/22/2006,2.5644,3.389,8.1452,8.1452,7,2,11000000,1,1,0,0,0,0,software,1,0,0,0,0,0,0,0,0,0,1,0,0,1,0,0,1.5,1,acquired
NY,40.730646,-73.986614,10014,New York,0,1/1/2007,1/1/2009,1/1/2010,2.0027,3.0027,2.0877,4.0685,7,2,2000000,3,0,1,0,0,0,photo_video,0,0,0,0,0,0,0,0,0,1,1,1,0,0,0,0,3.0,0,closed
CA,40.234451,-111.658656,94103,San Francisco,1,2/1/2007,12/1/2007,10/20/2009,0.8301,2.7178,4.2466,4.7918,17,2,5000000,2,1,0,0,0,0,web,0,1,0,0,0,0,0,0,0,0,1,1,0,0,0,0,1.0,1,acquired
CA,37.320309,-122.05004,95014,Cupertino,1,1/1/2008,1/1/2010,1/1/2010,2.0027,2.0027,3.6603,4.0795,12,1,11000000,2,1,0,0,0,0,enterprise,0,0,0,1,0,0,0,0,0,0,0,0,0,1,0,0,3.0,1,acquired
CA,37.445667,-122.166911,94063,Redwood City,1,7/1/2008,12/1/2008,12/1/2011,0.4192,3.4192,3.6027,4.8521,19,4,14100000,4,1,0,0,0,0,enterprise,0,0,0,1,0,0,0,0,0,0,0,1,1,1,0,0,2.25,1,acquired
CA,34.062504,-118.354605,90036,Los Angeles,0,8/5/2005,2/1/2006,2/1/2006,0.4932,0.4932,2.2411,2.2411,8,1,5000000,1,1,0,0,0,0,search,0,0,0,0,0,0,0,0,0,1,0,0,1,0,0,0,1.0,0,closed
WA,45.630695,-122.674456,98665,Vancouver,0,1/1/2009,1/1/2009,8/1/2010,0.0,1.5808,-0.1671,-0.1671,1,2,400000,1,0,0,0,0,1,web,0,1,0,0,0,0,0,0,0,0,0,1,0,0,0,0,1.0,0,closed
CA,37.658313,-122.391032,94080,South San Francisco,1,1/1/2000,5/23/2007,5/23/2007,7.3945,7.3945,4.0027,4.0027,4,1,10000000,1,1,0,0,0,0,biotech,0,0,0,0,0,0,0,1,0,0,0,0,0,0,1,0,1.0,0,acquired
MA,42.405685,-71.25585699999998,2451,Waltham,0,1/1/2005,11/1/2005,1/26/2009,0.8329,4.0712,2.0,2.0,3,3,11035000,1,0,0,1,0,0,software,1,0,0,0,0,0,0,0,0,0,1,0,0,1,1,0,1.6667,1,closed
MA,42.4717204,-71.26214350000002,2421,Lexington,1,1/1/2000,8/22/2005,8/22/2005,5.6438,5.6438,8.0055,11.3288,9,1,12700000,2,0,0,1,0,0,public_relations,0,0,0,0,0,0,0,0,0,1,0,0,0,0,0,1,4.0,1,acquired
CA,39.78373,-100.445882,94566,Pleasanton,1,1/1/2008,12/13/2010,7/22/2011,2.9507,3.5562,0.0,0.0,3,2,20757182,1,1,0,0,0,0,biotech,0,0,0,0,0,0,0,1,0,0,0,0,0,1,0,0,1.0,1,acquired
CA,37.404044,-121.978956,95054,Santa Clara,1,6/1/2000,11/17/2005,9/11/2007,5.4658,7.2822,10.5918,10.5918,5,3,27000000,1,1,0,0,0,0,software,1,0,0,0,0,0,0,0,0,0,0,0,0,0,0,1,6.0,1,acquired
NY,40.7445343,-73.98740079999997,10016,New York,1,4/1/2004,1/1/2008,1/1/2008,3.7534,3.7534,5.5425,6.7562,7,1,10000000,3,0,1,0,0,0,advertising,0,0,0,0,1,0,0,0,0,0,0,0,1,0,0,0,1.0,0,acquired
CA,33.923916,-118.39665,90245,El Segundo,0,1/1/2001,3/22/2005,3/22/2005,4.2219,4.2219,0.0,0.0,4,1,26000000,0,1,0,0,0,0,public_relations,0,0,0,0,0,0,0,0,0,1,0,0,0,0,0,1,4.0,1,closed
CT,44.671539,-70.144101,6032,Farmington,0,1/1/2005,3/1/2007,12/15/2009,2.1616,4.9562,0.0,0.0,2,2,4000000,0,0,0,0,0,1,messaging,0,0,0,0,0,0,0,0,0,1,0,0,1,0,0,0,2.0,1,closed
CA,37.377787,-122.029217,94086,Sunnyvale,1,1/1/2004,1/31/2006,12/10/2007,2.0849,3.9425,-3.0,-3.0,3,2,20220000,1,1,0,0,0,0,hardware,0,0,0,0,0,0,0,0,0,1,0,0,1,1,0,0,3.0,1,acquired
NY,40.717248,-74.002662,10013,New York,1,3/1/2001,7/7/2005,7/7/2005,4.3534,4.3534,6.1699,9.0904,7,1,10000000,3,0,1,0,0,0,games_video,0,0,0,0,0,1,0,0,0,0,0,0,0,1,0,0,4.0,1,acquired
NY,40.7434025,-73.9890857,10010,New York,0,4/7/2005,10/11/2006,11/14/2008,1.5123,3.6082,1.3178,4.1589,8,2,7350000,3,0,1,0,0,0,games_video,0,0,0,0,0,1,0,0,0,0,0,0,1,1,0,0,4.5,1,closed
CA,37.288136,-121.79765,95138,San Jose,0,7/1/2009,4/7/2010,4/7/2010,0.7671,0.7671,0.0,0.0,1,1,50000,1,1,0,0,0,0,messaging,0,0,0,0,0,0,0,0,0,1,0,1,0,0,0,0,1.0,0,closed
NY,40.7394115,-73.9895748,10010,New York,0,1/1/2009,11/19/2010,11/19/2010,1.8822,1.8822,1.6603,3.0247,5,1,1000000,3,0,1,0,0,0,fashion,0,0,0,0,0,0,0,0,0,1,0,0,1,0,0,0,7.0,1,closed
CA,37.39972,-122.108306,94040,Mountain View,0,1/1/2003,10/17/2005,1/12/2009,2.7945,6.0356,7.5014,8.0055,16,4,45000000,2,1,0,0,0,0,security,0,0,0,0,0,0,0,0,0,1,0,0,1,1,1,0,2.0,1,closed
CA,32.877656,-117.210595,92121,San Diego,0,7/1/2007,9/18/2007,5/3/2012,0.2164,4.8438,0.2164,6.2466,22,5,70000000,5,1,0,0,0,0,enterprise,0,0,0,1,0,0,0,0,0,0,1,0,1,1,1,0,4.2,1,closed
WA,47.6447802,-122.325878,98102,Seattle,0,1/1/2008,4/23/2009,4/23/2009,1.3096,1.3096,1.0027,1.3096,3,1,500000,2,0,0,0,0,1,ecommerce,0,0,0,0,0,0,1,0,0,0,0,0,1,0,0,0,1.0,1,closed
CA,37.779281,-122.419236,94133,San Francisco,0,8/1/2008,9/1/2008,12/1/2009,0.0849,1.3342,0.0,0.0,6,2,500000,0,1,0,0,0,0,software,1,0,0,0,0,0,0,0,0,0,0,0,0,0,0,0,1.0,1,closed
TX,30.306591,-97.826727,78746,Austin,1,1/1/2004,2/1/2005,8/23/2007,1.0877,3.6438,3.4986,3.4986,2,3,44000000,1,0,0,0,1,0,semiconductor,0,0,0,0,0,0,0,0,0,1,0,0,1,1,1,0,4.0,1,acquired
CO,39.5604863,-104.8656251,80112,Englewood,0,1/1/1999,5/11/2009,5/11/2009,10.3644,10.3644,5.8384,5.8384,4,1,21000000,1,0,0,0,0,1,semiconductor,0,0,0,0,0,0,0,0,0,1,1,0,0,0,0,0,5.0,1,closed
CA,34.083228000000005,-118.341449,90038,Los Angeles,1,1/1/2009,9/15/2009,2/18/2010,0.7041,1.1315,1.4493,2.2055,12,2,19000000,2,1,0,0,0,0,games_video,0,0,0,0,0,1,0,0,0,0,0,0,1,1,0,0,3.5,1,acquired
CA,39.78373,-100.445882,94025,Menlo Park,0,1/1/2006,6/5/2007,7/16/2010,1.4247,4.5397,0.0,0.0,0,3,18700000,0,1,0,0,0,0,semiconductor,0,0,0,0,0,0,0,0,0,1,1,0,1,0,0,0,2.0,1,closed
CA,37.626166,-122.411025,94066,San Bruno,1,9/1/2009,10/5/2010,10/5/2010,1.0932,1.0932,1.6137,2.1671,6,1,10000000,2,1,0,0,0,0,software,1,0,0,0,0,0,0,0,0,0,0,0,1,0,0,0,7.0,1,acquired
FL,28.032975,-82.64611,33635,Tampa,0,8/1/2006,1/1/2007,1/1/2007,0.4192,0.4192,0.0,0.0,5,3,5900000,0,0,0,0,0,1,software,1,0,0,0,0,0,0,0,0,0,0,1,0,0,0,0,1.0,0,closed
MA,37.237937,-121.974591,1752,Marlborough,1,1/1/2004,6/6/2007,4/2/2008,3.4301,4.2548,6.0055,6.4219,13,2,28000000,2,0,0,1,0,0,other,0,0,0,0,0,0,0,0,0,1,0,0,0,1,1,0,2.0,1,acquired
NH,42.7370219,-71.48729759999998,3062,Nashua,0,1/1/2007,1/1/2007,5/24/2011,0.0,4.3945,3.1534,4.3945,5,7,24300000,2,0,0,0,0,1,software,1,0,0,0,0,0,0,0,0,0,1,1,1,1,0,0,2.0,1,closed
CA,37.384717,-122.081625,94040,Mountain View,1,1/1/2005,6/1/2005,5/3/2010,0.4137,5.3370000000000015,5.5205,7.189,21,4,32006000,3,1,0,0,0,0,mobile,0,0,1,0,0,0,0,0,0,0,0,1,1,1,1,0,1.6667,1,acquired
CA,37.3169065,-122.0497023,95014,Cupertino,1,1/1/2002,2/1/2005,2/1/2005,3.0877,3.0877,1.0,1.0,4,1,13400000,1,1,0,0,0,0,public_relations,0,0,0,0,0,0,0,0,0,1,0,0,0,1,0,0,2.0,1,acquired
CA,37.78192670000001,-122.3932389,94107,San Francisco,1,6/1/2005,4/6/2009,3/31/2010,3.8493,4.8329,4.9644,7.2575,18,3,9400000,3,1,0,0,0,0,enterprise,0,0,0,1,0,0,0,0,0,0,0,1,1,1,0,0,1.5,1,acquired
CO,40.0186313,-105.2764361,80302,Boulder,1,1/1/2005,2/1/2006,12/7/2012,1.0849,7.937,3.0,7.4301,10,6,15324624,3,0,0,0,0,1,enterprise,0,0,0,1,0,0,0,0,0,0,1,1,1,1,0,0,2.5,1,acquired
WA,47.603832,-122.330062,98121,Seattle,1,3/1/2009,7/1/2010,7/1/2010,1.3342,1.3342,2.3726,4.1562,3,1,2000000,2,0,0,0,0,1,web,0,1,0,0,0,0,0,0,0,0,0,0,0,0,0,0,11.0,1,acquired
CA,37.775196,-122.419204,94103,San Francisco,1,6/1/2007,11/1/2007,2/1/2011,0.4192,3.674,0.8932,5.2767,24,3,16000000,4,1,0,0,0,0,web,0,1,0,0,0,0,0,0,0,0,0,0,1,1,1,0,5.6667,1,acquired
MN,44.950404,-93.101503,55113,Saint Paul,0,1/1/2006,12/2/2009,9/24/2012,3.9205,6.7342,0.0,0.0,3,3,44000000,0,0,0,0,0,1,medical,0,0,0,0,0,0,0,0,0,1,1,0,0,1,1,0,2.3333,1,closed
PA,39.952399,-75.16359,19103,Philadelphia,0,1/1/2010,10/24/2011,6/15/2012,1.811,2.4548,0.7479,0.7479,2,2,1175000,1,0,0,0,0,1,software,1,0,0,0,0,0,0,0,0,0,1,0,0,0,0,0,1.0,0,closed
CA,37.661002,-121.897829,94566,Pleasanton,1,1/1/2000,10/30/2006,4/7/2010,6.8329,10.2712,13.011,13.011,22,2,9000000,1,1,0,0,0,0,network_hosting,0,0,0,0,0,0,0,0,0,1,0,0,0,0,0,0,4.0,1,acquired
CA,32.7154,-117.1565,92128,San Diego,1,1/1/2002,5/1/2002,5/16/2007,0.3288,5.3726,9.0055,9.0055,9,3,35150000,1,1,0,0,0,0,web,0,1,0,0,0,0,0,0,0,0,0,0,1,1,1,0,3.0,1,acquired
MA,42.504817,-71.195611,1803,Burlington,1,1/1/2005,5/1/2006,9/2/2010,1.3288,5.6712,2.4959,5.6712,4,3,12000000,2,0,0,1,0,0,software,1,0,0,0,0,0,0,0,0,0,1,0,1,1,0,0,2.6667,1,acquired
CA,37.396023,-122.03311,94085,Sunnnyvale,1,1/1/2002,8/30/2007,8/30/2007,5.662999999999999,5.662999999999999,5.0027,5.0027,4,1,30000000,1,1,0,0,0,0,biotech,0,0,0,0,0,0,0,1,0,0,0,0,0,0,1,0,9.0,1,acquired
CA,37.537542,-122.327609,94403,San Mateo,1,1/1/2003,2/17/2009,2/17/2009,6.1342,6.1342,7.1726,7.1726,5,1,8000000,1,1,0,0,0,0,security,0,0,0,0,0,0,0,0,0,1,0,0,0,1,0,0,2.0,1,acquired
CA,37.782978,-122.394517,94107,San Francisco,1,1/1/2007,2/4/2009,2/4/2009,2.0959,2.0959,2.2822,3.1699,6,1,4100000,3,1,0,0,0,0,advertising,0,0,0,0,1,0,0,0,0,0,0,0,1,0,0,0,2.0,1,acquired
IL,40.116421,-88.243383,61820,Champaign,0,1/1/2008,12/15/2009,7/6/2011,1.9562,3.5123,3.4986,3.4986,1,2,2408500,1,0,0,0,0,1,social,0,0,0,0,0,0,0,0,0,1,0,1,0,0,0,0,3.0,1,closed
CA,37.386778,-121.966277,95054,Santa Clara,0,1/1/2002,3/1/2004,11/6/2007,2.1644,5.8493,6.0027,6.0027,3,4,72000000,1,1,0,0,0,0,other,0,0,0,0,0,0,0,0,0,1,0,0,1,1,1,0,2.25,1,closed
MN,44.96659,-93.331943,55416,Golden Valley,0,1/1/2006,1/1/2007,1/1/2008,1.0,2.0,3.2493,3.2493,2,2,18400000,1,0,0,0,0,1,enterprise,0,0,0,1,0,0,0,0,0,0,1,0,0,0,0,0,1.0,0,closed
NC,35.72591770000001,-79.17917709999998,27312,Pittsboro,0,1/1/1997,1/7/2005,12/19/2011,8.0219,14.9726,4.0027,4.0027,4,7,162264126,1,0,0,0,0,1,biotech,0,0,0,0,0,0,0,1,0,0,1,0,0,1,1,1,6.75,1,closed
MA,42.3751,-71.105616,2140,Cambridge,1,1/1/2003,6/15/2010,6/15/2010,7.4575,7.4575,5.5863,5.5863,7,1,29000000,1,0,0,1,0,0,biotech,0,0,0,0,0,0,0,1,0,0,1,0,0,0,0,0,7.0,1,acquired
WA,47.603832,-122.330062,98102,Seattle,0,1/1/2000,6/3/2005,6/3/2005,5.4247,5.4247,0.0,0.0,0,1,8700000,0,0,0,0,0,1,network_hosting,0,0,0,0,0,0,0,0,0,1,0,0,1,0,0,0,2.0,1,closed
MA,42.36236,-71.099692,2139,Cambridge,1,1/1/2001,9/8/2005,9/8/2005,4.6877,4.6877,4.1644,9.274,12,1,10000000,2,0,0,1,0,0,mobile,0,0,1,0,0,0,0,0,0,0,0,0,0,0,1,0,7.0,1,acquired
MA,42.4871509,-71.1986329,1803,Burlington,1,1/1/2008,12/1/2008,8/19/2010,0.9178,2.6329,2.9534,3.9699,5,2,15000000,2,0,0,1,0,0,software,1,0,0,0,0,0,0,0,0,0,0,0,1,1,0,0,2.0,1,acquired
CA,39.78373,-100.445882,94025,Menlo Park,0,1/1/2008,9/1/2008,9/1/2008,0.6685,0.6685,0.0,0.0,2,1,2600000,1,1,0,0,0,0,search,0,0,0,0,0,0,0,0,0,1,0,0,0,0,0,0,1.0,0,closed
CA,37.782103,-122.401116,94108,San Francisco,1,1/6/2005,5/1/2006,5/1/2006,1.3151,1.3151,6.4658,8.8411,30,1,15000000,3,1,0,0,0,0,web,0,1,0,0,0,0,0,0,0,0,0,0,1,0,0,0,1.0,1,acquired
NY,40.745064,-73.992637,10001,New York,1,6/1/2011,7/1/2011,3/25/2013,0.0822,1.8164,1.0849,2.3014,7,3,4000000,2,0,1,0,0,0,web,0,1,0,0,0,0,0,0,0,0,0,1,1,0,0,0,2.0,1,acquired
CA,37.680766,-122.399971,94005,Brisbane,1,1/1/2006,12/1/2006,7/18/2011,0.9151,5.5452,5.0027,5.0027,9,2,73000000,1,1,0,0,0,0,biotech,0,0,0,0,0,0,0,1,0,0,1,0,0,1,0,0,3.0,1,acquired
NY,40.730646,-73.986614,10013,New York,1,3/1/2011,6/27/2011,4/5/2012,0.3233,1.0986,0.8411,2.0411,5,4,12123837,3,0,1,0,0,0,education,0,0,0,0,0,0,0,0,0,1,0,1,1,0,0,0,4.6667,1,acquired
WA,47.60706500000001,-122.335373,98101,Seattle,1,12/1/2005,11/1/2006,5/27/2008,0.9178,2.4877,2.5808,5.3808,18,3,22400000,3,0,0,0,0,1,mobile,0,0,1,0,0,0,0,0,0,0,1,0,1,1,0,0,3.3333,1,acquired
CA,37.779281,-122.419236,94105,San Francisco,1,1/1/2009,4/15/2010,1/4/2011,1.2849,2.0082,2.1616,3.4438,12,2,5700000,3,1,0,0,0,0,enterprise,0,0,0,1,0,0,0,0,0,0,0,0,1,1,0,0,4.0,1,acquired
CA,39.78373,-100.445882,94025,Menlo Park,0,1/1/2002,7/18/2006,11/9/2009,4.5452,7.8603,0.0,0.0,2,2,28500000,0,1,0,0,0,0,biotech,0,0,0,0,0,0,0,1,0,0,1,0,0,1,0,0,4.5,1,closed
MA,42.579258,-71.437841,1886,Westford,1,1/1/2007,12/1/2007,1/26/2009,0.9151,2.0712,2.0027,2.0027,9,2,21000000,1,0,0,1,0,0,software,1,0,0,0,0,0,0,0,0,0,0,0,1,1,0,0,2.5,1,acquired
NC,35.780398,-78.639099,27518,Raleigh,0,1/1/1984,11/18/2005,11/18/2005,21.8959,21.8959,24.6849,24.6849,1,1,8000000,1,0,0,0,0,1,software,1,0,0,0,0,0,0,0,0,0,1,0,0,0,0,0,2.0,0,closed
CA,37.41924,-122.208414,94025,Menlo Park,0,1/1/2008,3/16/2008,3/16/2008,0.2055,0.2055,0.1644,0.1644,1,1,1500000,1,1,0,0,0,0,games_video,0,0,0,0,0,1,0,0,0,0,0,0,1,0,0,0,1.0,1,closed
MA,42.3729,-71.24847199999998,2453,Waltham,1,10/1/2006,5/1/2007,3/17/2009,0.5808,2.4603,2.5014,5.0932,17,3,28300000,4,0,0,1,0,0,advertising,0,0,0,0,1,0,0,0,0,0,0,0,1,1,1,0,1.6667,1,acquired
CA,37.441537,-122.158332,94301,Palo Alto,1,1/1/2008,2/22/2010,12/20/2012,2.1452,4.9726,2.3671,2.7123,4,5,7939553,2,1,0,0,0,0,web,0,1,0,0,0,0,0,0,0,0,1,0,0,1,0,0,2.0,1,acquired
CA,37.779281,-122.419236,94107,San Francisco,0,1/1/2009,11/1/2009,11/1/2009,0.8329,0.8329,0.0,0.0,3,1,545000,0,1,0,0,0,0,public_relations,0,0,0,0,0,0,0,0,0,1,0,1,0,0,0,0,2.0,1,closed
MA,42.558426,-71.268947,1821,Billerica,1,1/1/2001,9/29/2005,12/14/2009,4.7452,8.9562,5.0027,5.0027,10,3,15247925,1,0,0,1,0,0,semiconductor,0,0,0,0,0,0,0,0,0,1,0,0,0,0,1,1,1.5,1,acquired
NY,40.757929,-73.985506,10003,NY,1,1/1/2007,4/1/2007,7/23/2009,0.2466,2.5589,2.0027,4.7781,11,3,12800000,2,0,1,0,0,0,games_video,0,0,0,0,0,1,0,0,0,0,0,1,1,1,0,0,1.5,1,acquired
IL,41.875555,-87.624421,60654,Chicago,0,3/1/2010,3/24/2011,8/23/2012,1.063,2.4822,0.0,1.3068,1,2,950000,2,0,0,0,0,1,mobile,0,0,1,0,0,0,0,0,0,0,1,0,1,0,0,0,3.0,1,closed
MA,42.479262,-71.152277,1801,Woburn,1,1/1/2000,12/1/2002,12/1/2004,2.9178,4.9205,2.0027,12.5096,6,2,16000000,5,0,0,1,0,0,web,0,1,0,0,0,0,0,0,0,0,0,0,1,1,0,0,1.0,1,acquired
CA,37.288326,-121.945633,95008,Campbell,1,1/1/2000,1/1/2006,1/1/2006,6.0055,6.0055,6.0055,6.0055,2,1,10000000,1,1,0,0,0,0,semiconductor,0,0,0,0,0,0,0,0,0,1,0,0,0,0,1,0,1.0,1,acquired
NY,40.730646,-73.986614,10013,New York,1,1/1/2011,10/12/2011,10/12/2011,0.7781,0.7781,0.3397,2.4877,5,1,1500000,3,0,1,0,0,0,fashion,0,0,0,0,0,0,0,0,0,1,0,0,0,0,0,0,1.0,0,acquired
CA,37.779281,-122.419236,94107,San Francisco,0,1/1/2004,11/3/2009,12/10/2010,5.8438,6.9452,5.9205,6.3808,6,2,13000000,2,1,0,0,0,0,hardware,0,0,0,0,0,0,0,0,0,1,1,0,0,0,1,0,2.0,1,closed
NY,40.650104,-73.94958199999998,11217,Brooklyn,1,1/1/2009,8/23/2011,8/23/2011,2.6411,2.6411,4.0959,4.926,6,1,10000000,2,0,1,0,0,0,hardware,0,0,0,0,0,0,0,0,0,1,1,0,0,0,0,0,6.0,1,acquired
NY,42.712207,-73.203599,10003,New York,1,1/1/2008,1/19/2010,12/30/2010,2.0521,2.9973,2.0027,3.8137,9,2,3915000,2,0,1,0,0,0,advertising,0,0,0,0,1,0,0,0,0,0,1,0,1,0,0,0,3.0,1,acquired
NY,40.650104,-73.94958199999998,11222,Brooklyn,1,8/1/2009,8/1/2009,2/1/2011,0.0,1.5041,1.5808,3.1726,7,2,1400000,2,0,1,0,0,0,travel,0,0,0,0,0,0,0,0,0,1,0,1,1,0,0,0,6.0,1,acquired
IL,41.8969173,-87.6435474,60654,Chicago,0,8/1/2012,8/1/2012,4/10/2013,0.0,0.6904,0.0,0.6904,6,2,650000,2,0,0,0,0,1,ecommerce,0,0,0,0,0,0,1,0,0,0,1,1,0,0,0,0,1.0,1,closed
TX,30.268735,-97.745209,78702,Austin,0,1/1/2007,6/1/2007,3/30/2010,0.4137,3.2438,0.4137,6.8,5,3,9700000,4,0,0,0,1,0,games_video,0,0,0,0,0,1,0,0,0,0,1,0,1,0,0,0,1.0,1,closed
CA,37.336191,-121.890583,95110,San Jose,1,1/1/2003,3/1/2006,3/1/2006,3.1644,3.1644,2.0027,2.0027,6,1,15000000,1,1,0,0,0,0,software,1,0,0,0,0,0,0,0,0,0,0,0,0,0,0,1,3.0,1,acquired
CA,37.782714,-122.39358,94608,Emeryville,1,1/1/2002,10/10/2005,4/1/2012,3.7753,10.2548,10.0301,11.0329,18,4,38764000,3,1,0,0,0,0,enterprise,0,0,0,1,0,0,0,0,0,0,1,0,1,1,0,0,2.0,1,acquired
CA,37.39873720000001,-122.0497918,95112,San Jose,0,11/1/2005,3/1/2006,4/1/2012,0.3288,6.4192,1.1671,4.989,6,8,211403000,2,1,0,0,0,0,cleantech,0,0,0,0,0,0,0,0,0,1,1,0,1,1,1,0,2.7143,1,closed
CA,37.3965713,-122.0836937,94041,Mountain View,1,1/1/2008,6/23/2010,8/23/2010,2.4767,2.6438,3.4164,5.2,8,2,20750000,3,1,0,0,0,0,enterprise,0,0,0,1,0,0,0,0,0,0,0,0,1,1,0,0,2.0,1,acquired
CA,37.779281,-122.419236,94107,San Francisco,1,6/1/2009,8/31/2010,4/20/2011,1.2493,1.8849,2.2521,3.2219,4,2,1020000,2,1,0,0,0,0,social,0,0,0,0,0,0,0,0,0,1,0,1,1,0,0,0,2.5,1,acquired
TX,30.271129,-97.743699,78730,Austin,0,1/1/2007,6/7/2007,6/7/2007,0.4301,0.4301,2.0027,2.0027,6,1,13000000,1,0,0,0,1,0,software,1,0,0,0,0,0,0,0,0,0,0,0,1,0,0,0,4.0,1,closed
NY,40.738567,-73.987199,10007,New York,1,11/1/2007,1/1/2008,10/1/2011,0.1671,3.9178,0.0,2.9178,8,2,14700000,2,0,1,0,0,0,software,1,0,0,0,0,0,0,0,0,0,0,1,1,0,0,0,4.0,1,acquired
CA,37.4233896,-122.08995120000002,94043,Mountain View,1,1/1/2005,3/1/2006,3/1/2009,1.1616,4.1644,3.0,8.9205,19,4,33000000,4,1,0,0,0,0,mobile,0,0,1,0,0,0,0,0,0,0,0,0,1,1,1,1,1.3333,1,acquired
CA,37.404788,-121.940842,95134,San Jose,1,1/1/2005,6/23/2010,6/23/2010,5.4767,5.4767,0.0,0.0,5,1,30000000,0,1,0,0,0,0,medical,0,0,0,0,0,0,0,0,0,1,0,0,0,0,1,0,6.0,1,acquired
TX,32.959908,-96.70737,75081,Richardson,0,8/6/2006,11/1/2006,5/11/2010,0.2384,3.7644,2.4192,3.8795,10,4,33000000,3,0,0,0,1,0,software,1,0,0,0,0,0,0,0,0,0,0,0,1,1,1,0,4.0,1,closed
DC,38.894955,-77.03664599999998,20005,Washington,0,12/15/2011,6/15/2011,6/15/2011,-0.5014,-0.5014,0.0,0.0,1,1,150000,0,0,0,0,0,1,social,0,0,0,0,0,0,0,0,0,1,0,1,0,0,0,0,1.0,0,closed
MA,42.37564,-71.2358,2452,Waltham,0,3/1/2010,5/1/2010,5/1/2010,0.1671,0.1671,0.5863,0.5863,3,1,20000,1,0,0,1,0,0,advertising,0,0,0,0,1,0,0,0,0,0,0,1,0,0,0,0,1.0,0,closed
CA,37.54827,-121.988572,94555-3619,Fremont,0,1/1/2008,10/4/2011,1/24/2013,3.7589,5.0685,0.0,0.0,2,3,30926154,0,1,0,0,0,0,medical,0,0,0,0,0,0,0,0,0,1,0,0,0,1,0,0,3.0,1,closed
CA,37.288326,-121.945633,95008,Campbell,0,8/16/2010,6/10/2011,6/10/2011,0.8164,0.8164,0.0,0.0,0,1,2000000,0,1,0,0,0,0,advertising,0,0,0,0,1,0,0,0,0,0,0,0,0,0,0,0,1.0,0,closed
MA,42.504817,-71.195611,1803,Burlington,0,1/1/2003,7/16/2007,5/1/2012,4.5397,9.337,2.0027,2.0027,2,2,19000000,1,0,0,1,0,0,software,1,0,0,0,0,0,0,0,0,0,1,0,0,1,0,0,3.5,1,closed
CA,37.779281,-122.419236,94104,San Francisco,0,1/1/2002,1/13/2005,10/1/2008,3.0356,6.7534,4.0027,4.0027,2,3,33000000,1,1,0,0,0,0,advertising,0,0,0,0,1,0,0,0,0,0,0,0,1,1,1,0,4.0,1,closed
GA,33.982966999999995,-84.346041,30350,Atlanta,1,1/1/2002,5/10/2006,4/24/2008,4.3562,6.3151,4.0027,4.0027,1,3,15650000,1,0,0,0,0,1,cleantech,0,0,0,0,0,0,0,0,0,1,1,0,0,0,0,0,1.3333,1,acquired
CA,37.779281,-122.419236,92606,San Francisco,1,12/1/2000,4/1/2007,6/12/2008,6.3342,7.5342,7.1726,10.9315,8,3,17400000,3,1,0,0,0,0,web,0,1,0,0,0,0,0,0,0,0,0,0,1,1,0,0,2.3333,1,acquired
CA,34.102827000000005,-118.32999,90028,Hollywood,0,10/1/2010,8/1/2011,8/1/2011,0.8329,0.8329,-0.1671,1.189,5,1,154000,2,1,0,0,0,0,real_estate,0,0,0,0,0,0,0,0,0,1,0,1,0,0,0,0,1.0,0,closed
CA,34.054935,-118.244476,90301,Los Angeles,0,1/1/2004,10/21/2008,10/21/2008,4.8082,4.8082,6.6027,6.7233,4,1,35000000,2,1,0,0,0,0,web,0,1,0,0,0,0,0,0,0,0,0,0,0,0,0,1,3.0,1,closed
VA,38.916336,-77.230488,22182,Viena,0,1/1/2008,8/1/2008,6/5/2012,0.5836,4.4301,1.2521,2.1452,5,4,7516703,3,0,0,0,0,1,mobile,0,0,1,0,0,0,0,0,0,0,1,1,0,0,0,0,1.0,0,closed
TX,30.409765000000004,-97.75101,78759,Austin,0,1/1/2008,8/16/2010,8/16/2010,2.6247,2.6247,2.874,4.3014,1,1,48000000,3,0,0,0,1,0,cleantech,0,0,0,0,0,0,0,0,0,1,1,0,0,0,0,0,5.0,1,closed
CA,37.2690782,-121.9559995,95008,Campbell,1,1/1/2000,6/2/2005,4/18/2008,5.4219,8.3014,8.0055,8.0055,6,3,65800000,1,1,0,0,0,0,network_hosting,0,0,0,0,0,0,0,0,0,1,1,0,0,0,0,1,4.6667,1,acquired
NJ,40.477604,-74.626824,8844,Hillsborough,0,8/1/2012,4/5/2013,5/16/2013,0.6767,0.789,0.0,0.0,2,2,125000,1,0,0,0,0,1,analytics,0,0,0,0,0,0,0,0,0,1,0,1,0,0,0,0,1.0,0,closed
VA,39.050108,-77.40082,20165,Potomac Falls,1,11/1/2006,6/1/2007,6/1/2007,0.5808,0.5808,-0.5041,3.8301,5,1,750000,3,0,0,0,0,1,search,0,0,0,0,0,0,0,0,0,1,0,1,0,0,0,0,2.0,1,acquired
GA,33.749099,-84.390185,30305,Atlanta,1,1/1/2009,6/10/2011,6/10/2011,2.4384,2.4384,2.3288,2.4384,10,1,17000000,2,0,0,0,0,1,enterprise,0,0,0,1,0,0,0,0,0,0,1,0,0,0,0,0,5.0,1,acquired
CA,37.54841500000001,-122.315636,94403,San Mateo,0,5/1/1999,9/30/2009,5/29/2012,10.4247,13.0877,8.9808,12.7233,4,3,4087500,3,1,0,0,0,0,enterprise,0,0,0,1,0,0,0,0,0,0,1,1,0,0,0,0,1.0,0,closed
CA,34.491118,-119.808096,93105,Santa Barbara,0,1/1/1995,11/15/2005,11/15/2005,10.8795,10.8795,15.4986,15.4986,3,1,1000000,1,1,0,0,0,0,hardware,0,0,0,0,0,0,0,0,0,1,0,0,1,0,0,0,2.0,1,closed
TX,30.280148,-97.749908,78701,Austin,1,2/8/2007,1/1/2007,6/19/2013,-0.1041,6.3644,5.4822,6.7699,13,5,23500000,3,0,0,0,1,0,health,0,0,0,0,0,0,0,0,0,1,1,0,1,1,1,0,1.75,1,acquired
CA,37.7776778,-122.3921102,94107,San Francisco,0,8/29/2007,8/29/2007,8/29/2007,0.0,0.0,0.0,0.0,2,1,990000,0,1,0,0,0,0,web,0,1,0,0,0,0,0,0,0,0,0,0,1,0,0,0,2.0,0,closed
AZ,33.426418,-111.9396,85281,Tempe,1,4/1/2007,1/1/2008,1/1/2008,0.7534,0.7534,3.1699,4.6247,13,1,1000000,2,0,0,0,0,1,advertising,0,0,0,0,1,0,0,0,0,0,0,0,1,0,0,0,3.0,1,acquired
MA,42.364367,-71.078978,2142,Cambridge,1,1/1/2006,9/1/2006,2/17/2011,0.6658,5.1315,2.7479,6.0027,15,4,41000000,2,0,0,1,0,0,health,0,0,0,0,0,0,0,0,0,1,1,0,1,1,1,0,1.75,1,acquired
OR,45.3774456,-122.7569561,97062,Tualatin,0,1/1/2008,5/15/2008,5/15/2008,0.3699,0.3699,0.0,0.0,3,1,7000000,0,0,0,0,0,1,semiconductor,0,0,0,0,0,0,0,0,0,1,0,0,1,0,0,0,1.0,1,closed
MA,42.3624253,-71.116031,2139,Cambridge,1,1/1/2008,10/30/2008,1/28/2010,0.8301,2.0767,1.0027,1.0027,4,2,55000000,1,0,0,1,0,0,biotech,0,0,0,0,0,0,0,1,0,0,0,0,1,1,0,0,2.0,1,acquired
CA,37.78505300000001,-122.287295,60606,Chicago,1,10/1/2007,6/29/2011,9/17/2012,3.7452,4.9671,4.6822,4.8384,10,2,69000000,2,1,0,0,0,0,software,1,0,0,0,0,0,0,0,0,0,0,0,1,1,0,0,3.5,1,acquired
CA,37.421692,-121.894156,95035-5444,Milpitas,1,1/1/2006,5/1/2007,1/28/2013,1.3288,7.0795,4.874,7.0055,25,8,129677153,3,1,0,0,0,0,enterprise,0,0,0,1,0,0,0,0,0,0,1,0,1,1,1,1,3.0,1,acquired
CA,37.502169,-122.217727,94063,Redwood City,1,1/1/2006,7/3/2008,4/1/2013,2.5041,7.2521,0.0,0.0,4,6,232000100,0,1,0,0,0,0,biotech,0,0,0,0,0,0,0,1,0,0,0,0,1,0,1,1,3.6667,1,acquired
CA,37.388869,-122.072353,94041,Mountain View,1,8/1/2009,9/1/2009,3/3/2011,0.0849,1.5863,2.1151,4.0,5,2,5700000,3,1,0,0,0,0,enterprise,0,0,0,1,0,0,0,0,0,0,0,1,1,0,0,0,4.0,1,acquired
MA,42.276316,-71.419229,1702,Framingham,1,1/1/2002,8/21/2007,8/21/2007,5.6384,5.6384,4.2493,4.2493,3,1,10500000,1,0,0,1,0,0,security,0,0,0,0,0,0,0,0,0,1,0,0,0,0,0,1,4.0,1,acquired
NY,41.019264,-73.683462,10573,Rye Brook,0,10/1/2004,9/20/2006,9/1/2008,1.9699,3.9205,0.0,0.0,2,2,23000000,0,0,1,0,0,0,ecommerce,0,0,0,0,0,0,1,0,0,0,1,0,0,0,0,0,3.0,1,closed
WA,47.676378,-122.122155,98052,Redmond,1,8/28/2000,2/1/2006,2/23/2010,5.4329,9.4959,0.0,0.0,13,3,14000000,0,0,0,0,0,1,photo_video,0,0,0,0,0,0,0,0,0,1,0,0,1,1,0,0,3.0,1,acquired
CA,37.536402,-122.325129,94403,San Mateo,1,1/1/2005,8/25/2006,8/25/2006,1.6466,1.6466,0.0,0.0,4,2,7500000,0,1,0,0,0,0,software,1,0,0,0,0,0,0,0,0,0,0,1,1,0,0,0,2.0,1,acquired
NY,40.650104,-73.94958199999998,11211,Brooklyn,1,1/1/2009,11/25/2009,11/25/2009,0.8986,0.8986,0.4137,1.6329,12,1,1420000,3,0,1,0,0,0,social,0,0,0,0,0,0,0,0,0,1,0,0,1,0,0,0,16.0,1,acquired
WA,47.6257402,-122.3581623,98119,Seattle,0,9/1/2008,10/29/2008,2/4/2011,0.1589,2.4274,-0.1699,2.2137,1,2,9000000,2,0,0,0,0,1,ecommerce,0,0,0,0,0,0,1,0,0,0,1,0,1,0,0,0,1.0,1,closed
PA,40.245664,-74.845997,19067,Yardley,0,1/1/2009,10/7/2009,10/7/2009,0.7644,0.7644,0.0,0.0,3,1,500000,0,0,0,0,0,1,games_video,0,0,0,0,0,1,0,0,0,0,1,0,0,0,0,0,1.0,1,closed
CA,37.388869,-122.072353,94041,Mountain View,1,1/10/2012,1/23/2012,10/1/2012,0.0356,0.726,0.474,0.9205,4,2,70000,2,1,0,0,0,0,news,0,0,0,0,0,0,0,0,0,1,0,1,0,0,0,0,1.0,1,acquired
CA,33.09568,-117.244034,92009,Carlsbad,0,10/1/2006,5/1/2007,5/27/2008,0.5808,1.6548,0.0,0.0,3,2,850000,0,1,0,0,0,0,ecommerce,0,0,0,0,0,0,1,0,0,0,0,1,1,0,0,0,1.0,1,closed
CA,34.019657,-118.487549,90401,Santa Monica,1,1/1/2008,11/16/2011,11/16/2011,3.8767,3.8767,3.0027,5.8329,9,1,15000000,2,1,0,0,0,0,enterprise,0,0,0,1,0,0,0,0,0,0,1,0,0,0,0,0,1.0,1,acquired
CA,37.788266,-122.403865,94108,San Francisco,1,8/1/2007,2/7/2008,9/4/2008,0.5205,1.0959,0.2521,2.0575,12,2,3150000,2,1,0,0,0,0,web,0,1,0,0,0,0,0,0,0,0,0,1,1,0,0,0,11.5,1,acquired
CA,37.779281,-122.419236,94109,San Francisco,0,1/1/2011,3/20/2012,3/20/2012,1.2164,1.2164,1.4164,2.6822,6,1,5500000,2,1,0,0,0,0,ecommerce,0,0,0,0,0,0,1,0,0,0,0,0,1,0,0,0,8.0,1,closed
CA,38.021489,-122.519998,94903,San Rafael,1,1/1/2009,11/20/2013,11/20/2013,4.8877,4.8877,3.2877,3.2877,8,1,10571182,1,1,0,0,0,0,cleantech,0,0,0,0,0,0,0,0,0,1,0,0,1,0,0,0,1.0,0,acquired
CA,34.102827000000005,-118.32999,90028,Hollywood,0,1/1/2010,8/1/2010,8/1/2010,0.5808,0.5808,0.0,0.0,13,1,500000,0,1,0,0,0,0,real_estate,0,0,0,0,0,0,0,0,0,1,0,1,0,0,0,0,1.0,0,closed
CA,37.872222,-122.268403,94710,Berkeley,1,6/1/2005,5/4/2006,2/26/2010,0.9233,4.7425,0.6712,7.7671,12,7,24900000,3,1,0,0,0,0,music,0,0,0,0,0,0,0,0,0,1,1,1,1,0,0,0,3.0,1,acquired
CA,34.147645000000004,-118.144478,91105,Pasadena,0,9/1/2007,6/5/2009,12/28/2009,1.7616,2.326,0.8767,3.0274,12,2,3529175,3,1,0,0,0,0,web,0,1,0,0,0,0,0,0,0,0,1,0,1,0,0,0,1.0,0,closed
NY,40.74188770000001,-74.00474659999998,10011,New York,1,3/1/2008,3/1/2008,10/11/2012,0.0,4.6164,3.2904,5.2685,15,4,23400000,3,0,1,0,0,0,travel,0,0,0,0,0,0,0,0,0,1,0,0,1,1,1,0,2.25,1,acquired
CA,37.4155698,-121.9486567,95134,San Jose,1,1/1/2002,5/26/2009,5/26/2009,7.4027,7.4027,7.4,11.874,15,1,8800000,3,1,0,0,0,0,security,0,0,0,0,0,0,0,0,0,1,0,0,0,0,0,1,5.0,1,acquired
NY,40.728425,-73.999882,10012,New York,0,2/1/2010,2/1/2010,2/1/2010,0.0,0.0,0.3288,0.3288,2,1,1500000,1,0,1,0,0,0,fashion,0,0,0,0,0,0,0,0,0,1,0,0,0,0,0,0,6.0,1,closed
CA,32.988246999999994,-117.080769,92128,San Diego,0,1/1/2000,11/9/2004,6/2/2009,4.8603,9.4247,0.0,0.0,3,7,74000000,0,1,0,0,0,0,semiconductor,0,0,0,0,0,0,0,0,0,1,1,0,0,0,1,1,2.0,1,closed
OR,45.520247,-122.674195,97201,Portland,1,1/1/2000,6/1/2001,12/31/2001,1.4164,2.0,7.0055,11.4219,3,3,8800000,2,0,0,0,0,1,network_hosting,0,0,0,0,0,0,0,0,0,1,0,0,1,1,0,0,1.0,0,acquired
CA,37.77522800000001,-122.39963,94107,San Francisco,1,1/1/2001,8/1/2003,8/10/2005,2.5808,4.6082,0.5808,10.2219,3,2,7100000,3,1,0,0,0,0,web,0,1,0,0,0,0,0,0,0,0,0,1,1,0,0,0,1.5,1,acquired
MA,42.3751,-71.105616,2142,Cambridge,1,5/3/2006,9/1/2007,5/1/2009,1.3315,2.9973,2.1616,5.9616,8,3,3500000,6,0,0,1,0,0,ecommerce,0,0,0,0,0,0,1,0,0,0,1,1,1,0,0,0,1.6667,1,acquired
CA,37.36883,-122.03635,94089,Sunnyvale,1,11/25/2009,6/28/2011,6/28/2011,1.589,1.589,1.1863,2.5452,6,1,3000000,2,1,0,0,0,0,software,1,0,0,0,0,0,0,0,0,0,0,0,1,0,0,0,2.0,1,acquired
NY,42.961748,-78.870914,14217,Kenmore,0,3/1/2011,4/17/2011,6/9/2011,0.1288,0.274,0.3068,0.3068,5,2,11000,1,0,1,0,0,0,web,0,1,0,0,0,0,0,0,0,0,0,1,0,0,0,0,1.0,0,closed
CA,33.55327800000001,-117.6779,92677,Laguna Niguel,1,1/1/2001,7/18/2007,8/6/2009,6.5452,8.6,5.0027,5.0027,4,3,26200000,1,1,0,0,0,0,semiconductor,0,0,0,0,0,0,0,0,0,1,1,0,0,0,1,0,2.5,1,acquired
CA,37.398022,-122.049143,94043,Mountain View,1,12/6/2004,4/4/2006,8/22/2007,1.3259999999999998,2.7096,4.3699,6.462999999999999,6,2,29000000,3,1,0,0,0,0,software,1,0,0,0,0,0,0,0,0,0,0,0,0,1,1,0,2.5,1,acquired
CA,37.400945,-122.111318,94040-1309,Mountain View,0,1/1/2004,11/3/2008,11/3/2008,4.8438,4.8438,0.0,0.0,2,1,10000000,0,1,0,0,0,0,software,1,0,0,0,0,0,0,0,0,0,0,0,0,1,0,0,2.0,0,closed
CA,32.833501,-117.26162,92037,La Jolla,0,10/4/2010,8/11/2011,8/11/2011,0.8521,0.8521,0.0,2.9425,3,1,500000,3,1,0,0,0,0,web,0,1,0,0,0,0,0,0,0,0,0,1,0,0,0,0,3.0,1,closed
CA,37.487259,-122.232217,94063,Redwood City,1,1/1/2008,2/1/2008,11/2/2009,0.0849,1.8384,1.4164,2.337,3,3,11500000,3,1,0,0,0,0,enterprise,0,0,0,1,0,0,0,0,0,0,0,1,1,1,0,0,1.5,1,acquired
TX,30.2734822,-97.7588828,78703,Austin,1,7/14/2009,9/14/2010,6/4/2013,1.1699,3.8932,2.3014,3.4301,8,5,5350000,3,0,0,0,1,0,enterprise,0,0,0,1,0,0,0,0,0,0,0,1,1,0,0,0,3.0,1,acquired
CA,37.787126,-122.39783,94105,San Francisco,0,2/1/2006,10/2/2006,1/27/2010,0.6658,3.989,5.0849,7.3699,27,3,11015719,4,1,0,0,0,0,mobile,0,0,1,0,0,0,0,0,0,0,1,0,1,0,0,0,2.0,1,closed
CA,37.779281,-122.419236,94103,San Francisco,1,5/1/2009,11/10/2009,5/18/2010,0.5288,1.0466,1.2959,3.3781,30,3,9807367,3,1,0,0,0,0,advertising,0,0,0,0,1,0,0,0,0,0,0,1,1,0,0,0,8.6667,1,acquired
CA,37.779281,-122.419236,94110,San Francisco,1,7/1/2010,1/1/2010,2/16/2011,-0.4959,0.6301,0.589,3.011,8,2,2535000,2,1,0,0,0,0,web,0,1,0,0,0,0,0,0,0,0,0,1,1,0,0,0,5.0,1,acquired
TX,32.958634,-96.823641,75001,Addison,1,1/1/2002,6/19/2007,12/13/2010,5.4658,8.9534,8.8384,8.9534,4,3,19000000,2,0,0,0,1,0,enterprise,0,0,0,1,0,0,0,0,0,0,1,0,0,1,1,0,5.3333,1,acquired
CA,37.388869,-122.072353,94041,Mountain View,1,2/1/2010,2/1/2010,11/6/2012,0.0,2.7644,1.1616,1.1616,4,3,475000,1,1,0,0,0,0,travel,0,0,0,0,0,0,0,0,0,1,0,1,0,0,0,0,4.0,0,acquired
NY,40.730646,-73.986614,10005,New York,1,1/1/2003,10/6/2008,11/10/2010,5.7671,7.862999999999999,9.2575,9.2575,16,2,36000000,1,0,1,0,0,0,games_video,0,0,0,0,0,1,0,0,0,0,1,0,0,1,0,0,1.0,1,acquired
CA,37.662431,-121.874679,94588,Pleasanton,1,1/1/2002,3/2/2005,3/2/2005,3.1671,3.1671,0.0,0.0,4,1,12000000,0,1,0,0,0,0,games_video,0,0,0,0,0,1,0,0,0,0,0,0,0,0,1,0,5.0,1,acquired
CA,39.78373,-100.445882,92130-2042,San Diego,1,1/1/2009,5/27/2009,10/4/2012,0.4,3.7589,3.0,3.0,15,4,122000000,1,1,0,0,0,0,biotech,0,0,0,0,0,0,0,1,0,0,0,0,1,1,1,1,2.5,1,acquired
NY,40.730646,-73.986614,10005,New York,1,6/1/2012,6/30/2012,6/30/2012,0.0795,0.0795,0.5014,1.3781,8,1,1750000,2,0,1,0,0,0,news,0,0,0,0,0,0,0,0,0,1,0,0,0,0,0,0,5.0,1,acquired
NY,40.729839,-73.991781,10003,New York,1,8/10/2009,3/1/2010,3/1/2010,0.5562,0.5562,-0.0247,1.9288,3,1,130000,2,0,1,0,0,0,web,0,1,0,0,0,0,0,0,0,0,0,1,0,0,0,0,1.0,0,acquired
OH,41.505161,-81.693445,44131,Cleveland,0,1/1/1999,11/30/2006,11/24/2009,7.9178,10.9041,0.0,0.0,4,3,13222860,0,0,0,0,0,1,other,0,0,0,0,0,0,0,0,0,1,1,0,0,0,0,0,3.0,1,closed
IN,39.914281,-86.07647800000002,46250,Indianapolis,0,1/1/2005,2/17/2009,2/24/2011,4.1315,6.1507,5.5699,6.1096,10,2,2192000,3,0,0,0,0,1,public_relations,0,0,0,0,0,0,0,0,0,1,1,0,0,1,0,0,3.0,0,closed
MA,42.3751,-71.105616,2142,Cambridge,1,1/1/2005,2/22/2010,2/22/2010,5.1452,5.1452,2.0,2.0,4,1,2000000,1,0,0,1,0,0,web,0,1,0,0,0,0,0,0,0,0,1,0,0,0,0,0,1.0,1,acquired
CA,37.5455355,-122.32088020000002,94608,Emeryville,1,1/1/2005,1/9/2008,12/16/2009,3.0219,4.9589,6.5836,6.6822,11,2,9400000,2,1,0,0,0,0,analytics,0,0,0,0,0,0,0,0,0,1,0,0,1,0,0,0,2.0,1,acquired
CA,37.431091,-122.099263,94043,Mountain View,1,1/1/2003,5/5/2008,3/23/2010,5.3452,7.2274,0.0,0.0,2,4,13045000,0,1,0,0,0,0,semiconductor,0,0,0,0,0,0,0,0,0,1,0,0,1,1,0,0,2.0,1,acquired
CA,25.752358,-80.25468000000002,94104,San Francisco,1,1/1/2006,3/6/2006,2/5/2010,0.1753,4.0986,0.7342,5.0493,8,4,10000000,3,1,0,0,0,0,web,0,1,0,0,0,0,0,0,0,0,0,0,1,1,1,0,1.25,1,acquired
CA,37.558245,-122.302654,94402,San Mateo,1,1/1/2007,6/4/2008,6/4/2008,1.4247,1.4247,1.0,1.0,7,1,6000000,1,1,0,0,0,0,advertising,0,0,0,0,1,0,0,0,0,0,0,0,0,1,0,0,2.0,1,acquired
PA,40.03935300000001,-76.307448,17603,Lancaster,0,1/1/2006,1/1/2008,7/22/2009,2.0,3.5562,4.5699,4.5699,3,2,2100000,1,0,0,0,0,1,mobile,0,0,1,0,0,0,0,0,0,0,1,1,0,0,0,0,2.0,0,closed
WA,39.78373,-100.445882,98104,Seattle,1,12/1/2009,5/3/2010,10/21/2010,0.4192,0.8877,0.0849,1.863,3,2,3250000,3,0,0,0,0,1,travel,0,0,0,0,0,0,0,0,0,1,1,0,1,0,0,0,1.0,1,acquired
CA,37.3969138,-121.8939054,95131,San Jose,0,1/1/2000,7/27/2006,2/25/2007,6.5726,7.1562,0.0,0.0,1,3,148000000,0,1,0,0,0,0,hardware,0,0,0,0,0,0,0,0,0,1,1,0,0,1,0,0,3.5,1,closed
CA,34.185043,-118.878852,91360,Thousand Oaks,1,1/1/2000,12/1/2003,4/18/2009,3.9178,9.3014,10.7507,10.7507,10,2,24500000,1,1,0,0,0,0,hardware,0,0,0,0,0,0,0,0,0,1,1,0,1,0,0,0,2.0,1,acquired
UT,40.233844,-111.658534,84087,Provo,0,4/8/2009,4/1/2009,3/1/2010,-0.0192,0.8959,1.063,1.063,4,2,72000,1,0,0,0,0,1,enterprise,0,0,0,1,0,0,0,0,0,0,0,1,0,0,0,0,1.0,0,closed
CA,37.416597,-122.154064,94304,Palo Alto,0,1/1/2001,8/8/2007,8/8/2007,6.6027,6.6027,4.0027,4.0027,3,1,10360000,1,1,0,0,0,0,other,0,0,0,0,0,0,0,0,0,1,0,0,0,0,1,0,5.0,1,closed
NY,40.775309,-73.98365600000002,10001,New York,1,7/8/2008,7/15/2008,2/1/2010,0.0192,1.5699,2.4849,4.8712,12,3,1310000,2,0,1,0,0,0,software,1,0,0,0,0,0,0,0,0,0,0,1,0,0,0,0,6.0,1,acquired
NY,40.759089,-73.987573,10036,New York,0,2/12/2010,1/1/2010,1/1/2010,-0.1151,-0.1151,0.0466,0.0466,1,1,150000,1,0,1,0,0,0,games_video,0,0,0,0,0,1,0,0,0,0,0,1,0,0,0,0,1.0,0,closed
CA,37.229676,-121.971225,95032-5405,Los Gatos,1,1/1/2003,2/1/2006,4/24/2012,3.0877,9.3178,0.4959,9.5315,5,3,64000000,2,1,0,0,0,0,semiconductor,0,0,0,0,0,0,0,0,0,1,1,0,0,1,1,0,3.3333,1,acquired
OH,39.96226,-83.00070600000002,43207,Columbus,0,5/1/2010,5/1/2010,5/1/2010,0.0,0.0,0.0,0.0,2,1,250000,1,0,0,0,0,1,ecommerce,0,0,0,0,0,0,1,0,0,0,0,1,0,0,0,0,1.0,0,closed
CA,34.144926,-118.149767,91105,Pasadena,1,1/1/2008,10/1/2007,2/1/2010,-0.2521,2.0877,1.4164,1.4164,6,3,1830000,1,1,0,0,0,0,health,0,0,0,0,0,0,0,0,0,1,0,1,1,0,0,0,2.0,0,acquired
OR,39.78373,-100.445882,97204,Portland,1,8/1/2010,1/1/2011,8/10/2011,0.4192,1.0247,0.7726,2.1699,10,2,9800000,4,0,0,0,0,1,enterprise,0,0,0,1,0,0,0,0,0,0,0,0,1,1,0,0,4.5,1,acquired
CA,38.904549,-77.061767,94104,San Francisco,1,5/4/2005,3/1/2007,3/1/2007,1.8247,1.8247,3.8959,5.9068,15,1,2300000,3,1,0,0,0,0,web,0,1,0,0,0,0,0,0,0,0,0,0,1,0,0,0,1.0,0,acquired
WA,47.682233,-122.135521,98052,Redmond,0,3/1/2005,8/1/2007,4/2/2008,2.4192,3.0904,-0.1616,3.9699,3,2,1310000,4,0,0,0,0,1,web,0,1,0,0,0,0,0,0,0,0,0,1,0,0,0,0,1.0,0,closed
CA,37.781557,-122.407959,94103,San Francisco,0,4/1/2007,5/1/2007,2/1/2008,0.0822,0.8384,0.0,4.1836,4,2,4500000,5,1,0,0,0,0,games_video,0,0,0,0,0,1,0,0,0,0,0,1,0,1,0,0,5.5,1,closed
CA,37.571318,-122.267962,94404,Foster City,1,1/1/2003,2/28/2005,9/23/2008,2.1616,5.7315,5.0027,5.0027,5,3,22000000,1,1,0,0,0,0,software,1,0,0,0,0,0,0,0,0,0,0,0,1,1,1,0,2.6667,1,acquired
CA,37.775196,-122.419204,94107,San Francisco,1,1/1/2007,9/1/2007,1/29/2009,0.6658,2.0795,3.0301,4.2877,23,3,10000000,3,1,0,0,0,0,advertising,0,0,0,0,1,0,0,0,0,0,0,1,1,1,0,0,2.6667,1,acquired
NY,40.730646,-73.986614,10014,New York,1,3/1/2009,1/20/2010,6/1/2011,0.8904,2.2521,2.6603,2.7534,21,4,36500000,3,0,1,0,0,0,ecommerce,0,0,0,0,0,0,1,0,0,0,0,0,1,1,1,0,1.5,1,acquired
CO,47.601803,-122.332085,80205,Denver,1,6/1/2003,3/1/2005,5/14/2013,1.7507,9.9589,9.3425,10.4603,35,7,33672656,3,0,0,0,0,1,web,0,1,0,0,0,0,0,0,0,0,1,0,1,1,0,0,2.0,1,acquired
CA,37.320309,-122.05004,95014,Cupertino,1,1/1/2009,11/11/2009,12/5/2011,0.8603,2.926,3.0,3.0,4,3,19000000,1,1,0,0,0,0,enterprise,0,0,0,1,0,0,0,0,0,0,0,0,1,1,0,0,2.0,1,acquired
CA,37.36883,-122.03635,94086,Sunnyvale,1,1/1/2002,6/20/2005,6/20/2005,3.4685,3.4685,2.0,2.0,3,1,30000000,1,1,0,0,0,0,semiconductor,0,0,0,0,0,0,0,0,0,1,0,0,0,1,0,0,4.0,1,acquired
CA,37.388869,-122.072353,94041,Mountain View,1,3/19/2009,9/23/2010,2/24/2012,1.5151,2.937,2.6384,3.8164,6,2,2250000,2,1,0,0,0,0,web,0,1,0,0,0,0,0,0,0,0,1,0,0,0,0,0,8.5,1,acquired
CA,34.1086325,-118.0215818,91006,Arcadia,1,1/1/2000,11/11/2005,12/16/2009,5.8658,9.9644,8.1699,8.1699,7,6,53818873,1,1,0,0,0,0,hardware,0,0,0,0,0,0,0,0,0,1,1,0,0,0,1,0,4.25,1,acquired
CA,37.553743,-122.300246,94402,San Mateo,0,2/1/2004,10/1/2006,10/1/2006,2.6658,2.6658,0.0,0.0,6,1,5500000,0,1,0,0,0,0,web,0,1,0,0,0,0,0,0,0,0,0,0,1,0,0,0,1.0,1,closed
WA,47.578174,-122.212731,98006,Bellevue,1,12/1/2006,11/29/2008,11/29/2008,1.9973,1.9973,-0.0822,3.5205,3,1,6000000,2,0,0,0,0,1,network_hosting,0,0,0,0,0,0,0,0,0,1,0,0,1,0,0,0,1.0,1,acquired
CA,39.78373,-100.445882,94063-2026,Redwood City,0,1/1/2006,7/1/2007,9/1/2007,1.4959,1.6658,0.0,7.5233,2,2,30150000,3,1,0,0,0,0,advertising,0,0,0,0,1,0,0,0,0,0,0,0,1,1,0,0,1.5,1,closed
CA,37.674559,-122.385658,94005,Brisbane,1,1/1/2002,10/14/2005,7/6/2007,3.7863,5.5123,0.0,0.0,11,2,83000000,0,1,0,0,0,0,biotech,0,0,0,0,0,0,0,1,0,0,1,0,0,0,0,0,1.0,0,acquired
NY,40.737216,-73.99094699999998,10003,New York,0,1/1/2006,1/1/2007,9/16/2008,1.0,2.7096,0.0,0.0,1,2,12000000,0,0,1,0,0,0,games_video,0,0,0,0,0,1,0,0,0,0,0,0,1,1,0,0,1.0,0,closed
CA,37.36883,-122.03635,94085,Sunnyvale,1,1/1/2008,3/1/2008,7/1/2009,0.1644,1.4986,3.1644,5.5479,6,2,3500000,2,1,0,0,0,0,software,1,0,0,0,0,0,0,0,0,0,0,1,1,0,0,0,1.0,0,acquired
CA,37.433414,-122.128772,94306,Palo Alto,1,1/1/2006,6/7/2007,6/7/2007,1.4301,1.4301,2.3452,3.4575,5,1,4000000,3,1,0,0,0,0,software,1,0,0,0,0,0,0,0,0,0,0,0,1,0,0,0,4.0,1,acquired
CA,33.87751,-117.727046,92887,Yorba Linda,0,1/1/2009,6/15/2011,8/8/2012,2.4521,3.6027,0.0,0.0,9,2,4000000,0,1,0,0,0,0,manufacturing,0,0,0,0,0,0,0,0,0,1,0,0,1,0,0,0,1.0,1,closed
CA,37.409618,-122.017792,94089,Sunnyvale,1,1/1/2000,10/28/2005,9/17/2007,5.8274,7.7151,10.0082,10.0082,11,2,25000000,1,1,0,0,0,0,software,1,0,0,0,0,0,0,0,0,0,1,0,0,0,0,0,4.5,1,acquired
NY,40.73901,-73.997259,10011,New York,1,8/1/2007,6/1/2008,5/5/2011,0.8356,3.7616,0.9041,0.9041,5,3,1420698,1,0,1,0,0,0,mobile,0,0,1,0,0,0,0,0,0,0,1,1,0,0,0,0,2.0,1,acquired
CA,37.2496346,-121.9665932,95008,Campbell,1,10/1/2001,5/16/2003,1/29/2007,1.6219,5.3315,-3.7507,-3.7507,5,2,10000000,1,1,0,0,0,0,semiconductor,0,0,0,0,0,0,0,0,0,1,1,0,1,0,0,0,3.0,1,acquired
CA,37.441537,-122.158332,94301,Palo Alto,1,1/1/2007,3/1/2008,10/18/2011,1.1644,4.7973,2.326,6.9041,18,3,67000000,5,1,0,0,0,0,transportation,0,0,0,0,0,0,0,0,0,1,0,0,1,1,1,0,2.6667,1,acquired
CA,37.5068854,-122.2475729,94070,San Carlos,1,7/1/2005,11/1/2005,9/22/2010,0.337,5.2301,4.1726,5.7205,13,4,53000000,3,1,0,0,0,0,analytics,0,0,0,0,0,0,0,0,0,1,0,1,1,1,1,0,4.5,1,acquired
CA,34.050451,-118.437775,90024,Los Angeles,0,5/1/2010,10/18/2010,7/22/2011,0.4658,1.2247,0.0,1.2247,5,2,300000,2,1,0,0,0,0,games_video,0,0,0,0,0,1,0,0,0,0,0,1,0,1,0,0,2.0,1,closed
CA,37.441537,-122.158332,94301,Palo Alto,1,1/1/2002,9/1/2007,7/1/2010,5.6685,8.5014,6.7534,8.0932,4,3,1400000,2,1,0,0,0,0,software,1,0,0,0,0,0,0,0,0,0,0,1,0,0,0,0,1.0,0,acquired
CA,37.76179550000001,-122.4092704,94110,San Francisco,1,1/1/2004,12/1/2006,4/2/2008,2.9178,4.2548,2.0027,7.1699,4,2,6500000,3,1,0,0,0,0,web,0,1,0,0,0,0,0,0,0,0,0,0,1,0,0,0,7.0,1,acquired
CA,37.79287100000001,-122.400747,941017,San Francisco,1,11/1/2008,2/11/2010,2/11/2010,1.2795,1.2795,2.7041,3.5836,8,1,5000000,3,1,0,0,0,0,cleantech,0,0,0,0,0,0,0,0,0,1,0,0,1,0,0,0,1.0,1,acquired
WA,39.78373,-100.445882,98104,Seattle,1,1/1/2007,12/7/2009,7/13/2012,2.9342,5.5342,3.9178,6.1973,6,2,9600000,2,0,0,0,0,1,enterprise,0,0,0,1,0,0,0,0,0,0,0,0,1,0,0,0,3.0,1,acquired
WA,47.631239,-122.16806,98005,Bellevue,1,2/1/2000,5/1/2000,7/1/2007,0.2466,7.4164,3.9178,10.9233,9,5,58200000,3,0,0,0,0,1,mobile,0,0,1,0,0,0,0,0,0,0,0,0,1,1,1,1,1.4,1,acquired
MA,42.49739,-71.416794,1720,Acton,1,1/1/2006,12/1/2006,9/30/2009,0.9151,3.7479,0.5808,4.8822,14,3,28000000,2,0,0,1,0,0,network_hosting,0,0,0,0,0,0,0,0,0,1,0,0,1,1,1,0,2.6667,1,acquired
TX,33.017317,-96.837682,75244,Dallas,1,1/1/2005,9/30/2009,3/25/2010,4.7479,5.2301,5.8548,7.7562,10,2,30000000,3,0,0,0,1,0,network_hosting,0,0,0,0,0,0,0,0,0,1,1,0,0,0,0,0,1.0,0,acquired
CA,34.007967,-118.489681,94301,Palo Alto,1,1/1/2007,1/1/2008,3/1/2009,1.0,2.1644,4.3644,5.3342,10,2,3500000,2,1,0,0,0,0,games_video,0,0,0,0,0,1,0,0,0,0,0,1,1,0,0,0,2.0,0,acquired
MA,42.337037,-71.25174799999998,2466,Newton,0,1/1/2008,2/1/2008,2/1/2008,0.0849,0.0849,-1.0,0.1342,7,1,16700000,2,0,0,1,0,0,web,0,1,0,0,0,0,0,0,0,0,0,0,1,0,0,0,4.0,0,closed
AZ,33.414414,-111.909447,85284,Tempe,0,1/1/1996,2/20/2007,2/20/2007,11.1452,11.1452,0.0,0.0,0,1,18000000,0,0,0,0,0,1,semiconductor,0,0,0,0,0,0,0,0,0,1,0,0,0,1,0,0,7.0,1,closed
CA,37.36883,-122.03635,94085,Sunnyvale,1,1/1/2003,7/14/2010,7/14/2010,7.537000000000001,7.537000000000001,7.0055,7.0055,6,1,15000000,1,1,0,0,0,0,medical,0,0,0,0,0,0,0,0,0,1,0,0,0,0,0,1,6.0,1,acquired
CA,37.3767076,-121.997483,95051,Santa Clara,0,1/1/2004,12/1/2007,12/1/2007,3.9178,3.9178,0.0,0.0,2,2,12000000,0,1,0,0,0,0,hardware,0,0,0,0,0,0,0,0,0,1,0,0,1,1,0,0,4.0,1,closed
OH,41.678675,-83.51272800000002,43607,Toledo,0,9/19/2009,1/1/2011,1/1/2011,1.2849,1.2849,0.0,0.0,1,1,15000,1,0,0,0,0,1,ecommerce,0,0,0,0,0,0,1,0,0,0,0,1,0,0,0,0,1.0,0,closed
WA,47.603832,-122.330062,98101,Seattle,1,11/16/2009,3/9/2011,3/9/2011,1.3096,1.3096,1.3096,2.8822,11,1,200000,3,0,0,0,0,1,news,0,0,0,0,0,0,0,0,0,1,1,0,0,0,0,0,1.0,0,acquired
CA,33.158093,-117.350597,92008,Carlsbad,0,1/1/2003,1/10/2007,1/10/2007,4.0274,4.0274,0.0,0.0,0,1,15000000,0,1,0,0,0,0,semiconductor,0,0,0,0,0,0,0,0,0,1,0,0,0,0,1,0,1.0,0,closed
CA,37.779281,-122.419236,94111,San Francisco,1,10/9/2009,9/9/2009,1/1/2011,-0.0822,1.2301,0.3151,1.2986,4,2,1400000,2,1,0,0,0,0,enterprise,0,0,0,1,0,0,0,0,0,0,0,1,0,0,0,0,3.0,0,acquired
NY,40.707645,-74.010816,10038,New York,0,1/1/2006,2/19/2005,2/14/2012,-0.8658,6.1233,5.0027,5.0027,5,4,11400000,1,0,1,0,0,0,enterprise,0,0,0,1,0,0,0,0,0,0,1,0,0,1,0,0,3.0,1,closed
CA,37.4815098,-121.9453283,94538,Fremont,1,1/1/2008,10/3/2008,5/30/2012,0.7562,4.4137,2.7836,4.0027,14,4,34250000,2,1,0,0,0,0,cleantech,0,0,0,0,0,0,0,0,0,1,1,0,1,1,1,0,2.25,1,acquired
TX,30.269004,-97.740395,78701,Austin,1,1/1/2008,1/1/2008,9/20/2010,0.0,2.7205,1.0027,5.9479,4,4,3800000,4,0,0,0,1,0,messaging,0,0,0,0,0,0,0,0,0,1,0,1,1,0,0,0,4.75,1,acquired
CA,37.555962,-122.288006,94404,San Mateo,1,1/1/2003,6/14/2007,2/10/2009,4.4521,6.1151,6.5863,6.5863,3,2,10100000,1,1,0,0,0,0,software,1,0,0,0,0,0,0,0,0,0,1,0,0,0,1,0,3.0,1,acquired
CA,37.354469,-121.990433,95051,Santa Clara,0,1/1/2003,1/29/2007,1/29/2007,4.0795,4.0795,0.0,0.0,0,1,4000000,0,1,0,0,0,0,software,1,0,0,0,0,0,0,0,0,0,0,0,0,1,0,0,6.0,1,closed
CA,37.552262,-122.292146,94403,San Mateo,1,1/1/2008,12/15/2009,12/15/2009,1.9562,1.9562,1.9562,2.0027,11,1,3011408,3,1,0,0,0,0,software,1,0,0,0,0,0,0,0,0,0,0,0,0,1,0,0,1.0,1,acquired
CA,37.551882,-122.313472,94402,San Mateo,0,1/1/1998,9/23/2007,9/23/2007,9.7315,9.7315,6.0027,6.0027,2,1,8000000,1,1,0,0,0,0,software,1,0,0,0,0,0,0,0,0,0,1,0,0,0,0,0,3.0,1,closed
CA,37.566009,-122.321646,94401,San Mateo,1,7/1/2010,7/1/2010,5/17/2013,0.0,2.8795,2.3397,2.3397,15,2,12700000,1,1,0,0,0,0,analytics,0,0,0,0,0,0,0,0,0,1,0,0,1,0,0,0,1.5,1,acquired
CA,33.831671,-118.315766,90501,Torrance,0,9/1/2007,9/1/2007,9/1/2007,0.0,0.0,0.3342,3.2219,5,1,300000,4,1,0,0,0,0,public_relations,0,0,0,0,0,0,0,0,0,1,0,1,0,0,0,0,2.0,0,closed
CA,37.755068,-122.418026,94110,San Francisco,1,2/5/2013,2/5/2013,2/5/2013,0.0,0.0,-1.8027,-0.0959,21,1,5675000,2,1,0,0,0,0,web,0,1,0,0,0,0,0,0,0,0,1,0,0,0,0,0,4.0,1,acquired
CA,33.615663399999995,-111.8931647,90291,Santa Monica,1,8/1/2008,9/1/2012,9/1/2012,4.0877,4.0877,4.6685,5.1863,13,1,1000000,2,1,0,0,0,0,advertising,0,0,0,0,1,0,0,0,0,0,0,1,0,0,0,0,5.0,1,acquired
FL,28.66677,-81.392794,32714,Altamonte Springs,0,9/1/2008,9/1/2008,9/1/2008,0.0,0.0,0.0,0.0,2,1,125000,0,0,0,0,0,1,enterprise,0,0,0,1,0,0,0,0,0,0,0,1,0,0,0,0,1.0,0,closed
CT,39.364504,-84.247556,6880,Westport,0,1/1/2010,3/24/2010,12/15/2010,0.2247,0.9534,0.5808,1.0685,2,2,700000,2,0,0,0,0,1,web,0,1,0,0,0,0,0,0,0,0,0,1,0,0,0,0,2.5,0,closed
WA,47.603832,-122.330062,98109,Seattle,1,8/1/2010,11/1/2010,3/24/2011,0.2521,0.6438,1.2685,1.7479,6,2,532000,2,0,0,0,0,1,enterprise,0,0,0,1,0,0,0,0,0,0,0,1,0,0,0,0,5.0,1,acquired
CA,37.445326,-122.160671,94301,Palo Alto,1,7/15/2005,10/1/2005,10/1/2007,0.2137,2.2137,4.6301,5.5534,8,2,8500000,3,1,0,0,0,0,web,0,1,0,0,0,0,0,0,0,0,0,0,1,1,0,0,1.0,1,acquired
WA,47.602416,-122.332614,98104,Seattle,1,1/1/2003,7/27/2006,7/27/2006,3.5699,3.5699,5.8795,9.3808,2,1,9400000,3,0,0,0,0,1,network_hosting,0,0,0,0,0,0,0,0,0,1,0,0,0,1,0,0,1.0,1,acquired
RI,41.818712,-71.411775,2903,Providence,0,1/1/2010,1/1/2009,4/1/2012,-1.0,2.2493,1.7479,1.7479,3,2,350000,1,0,0,0,0,1,mobile,0,0,1,0,0,0,0,0,0,0,0,1,0,0,0,0,1.0,1,closed
NY,40.643438,-73.886452,10013,New York,1,4/1/2006,6/1/2007,6/16/2009,1.1671,3.2110000000000003,0.7534,2.8110000000000004,16,2,12300000,3,0,1,0,0,0,enterprise,0,0,0,1,0,0,0,0,0,0,0,0,0,1,1,0,1.5,1,acquired
MA,42.599814,-71.367284,1824,Chelmsford,1,1/1/2006,7/30/2007,12/16/2011,1.5753,5.9589,4.4164,4.4164,6,5,25413298,1,0,0,1,0,0,network_hosting,0,0,0,0,0,0,0,0,0,1,1,0,1,1,0,0,3.0,1,acquired
CA,37.779281,-122.419236,94105,San Francisco,1,5/1/2010,10/6/2010,6/16/2011,0.4329,1.126,2.6904,3.5397,23,2,9800000,2,1,0,0,0,0,news,0,0,0,0,0,0,0,0,0,1,0,1,1,0,0,0,4.5,1,acquired
CA,37.779281,-122.419236,94107,San Francisco,0,5/1/2010,1/1/2010,9/1/2010,-0.3288,0.337,0.4082,0.8712,5,2,1015000,2,1,0,0,0,0,games_video,0,0,0,0,0,1,0,0,0,0,0,1,0,0,0,0,5.0,1,closed
CO,40.011355,-105.274166,80302,Boulder,1,1/1/2009,1/1/2009,6/21/2012,0.0,3.4712,0.0,1.9123,4,5,10000003,2,0,0,0,0,1,enterprise,0,0,0,1,0,0,0,0,0,0,1,0,1,1,0,0,1.5,1,acquired
IL,41.916619,-87.686634,60647,Chicago,1,6/8/2007,3/15/2008,4/15/2010,0.7699,2.8548,-0.4329,2.8521,3,2,1750000,2,0,0,0,0,1,travel,0,0,0,0,0,0,0,0,0,1,1,1,0,0,0,0,1.0,1,acquired
CA,37.779281,-122.419236,94103,San Francisco,1,9/1/2009,8/10/2010,8/10/2010,0.9397,0.9397,1.4959,3.8164,4,1,100000,2,1,0,0,0,0,messaging,0,0,0,0,0,0,0,0,0,1,0,1,0,0,0,0,3.0,1,acquired
CA,37.441537,-122.158332,94301,Palo Alto,1,1/1/2011,12/4/2012,12/4/2012,1.926,1.926,1.6685,2.4658,1,1,12000000,2,1,0,0,0,0,software,1,0,0,0,0,0,0,0,0,0,1,0,0,0,0,0,2.0,1,acquired
NY,40.730646,-73.986614,10010,New York,1,5/1/2010,8/25/2010,1/4/2011,0.3178,0.6795,0.7945,2.8521,16,2,11450000,3,0,1,0,0,0,messaging,0,0,0,0,0,0,0,0,0,1,0,1,0,1,0,0,8.5,1,acquired
CA,37.7611016,-122.4160008,94110,San Francisco,0,12/1/2007,8/1/2008,8/1/2008,0.6685,0.6685,-0.9151,0.863,7,1,50000,2,1,0,0,0,0,advertising,0,0,0,0,1,0,0,0,0,0,0,1,0,0,0,0,3.0,0,closed
CA,37.381876,-121.95993,95054,Santa Clara,0,1/1/2006,7/31/2008,7/31/2008,2.5808,2.5808,3.0027,4.6082,4,1,20000000,2,1,0,0,0,0,software,1,0,0,0,0,0,0,0,0,0,0,0,0,1,0,0,4.0,1,closed
TX,30.265927,-97.783642,78746,Austin,1,1/1/2003,12/19/2005,9/18/2006,2.9671,3.7151,6.9671,8.3342,16,2,42500000,3,0,0,0,1,0,public_relations,0,0,0,0,0,0,0,0,0,1,0,0,0,0,1,1,5.5,1,acquired
CA,33.916552,-118.397491,CA 90245,"El Segundo,",1,1/1/2006,1/1/2006,5/7/2008,0.0,2.3479,0.0,5.1616,7,3,22487000,2,1,0,0,0,0,semiconductor,0,0,0,0,0,0,0,0,0,1,1,0,0,1,1,0,2.3333,1,acquired
CA,37.5568425,-122.2884881,94404,San Mateo,1,1/1/2007,7/14/2009,7/14/2009,2.5342,2.5342,-1.2521,4.0493,3,1,7800000,2,1,0,0,0,0,software,1,0,0,0,0,0,0,0,0,0,1,0,0,0,0,0,2.0,1,acquired
NJ,40.707045,-74.95600300000002,8827,Hampton,1,1/1/2001,12/21/2004,3/31/2011,3.9726,10.2493,3.0,3.0,8,4,59000000,1,0,0,0,0,1,semiconductor,0,0,0,0,0,0,0,0,0,1,0,0,0,1,1,0,6.0,1,acquired
ID,43.493525,-112.040092,83402,Idaho Falls,0,10/1/2008,2/1/2011,2/1/2011,2.337,2.337,0.5808,2.3726,5,1,4000000,4,0,0,0,0,1,mobile,0,0,1,0,0,0,0,0,0,0,0,0,1,0,0,0,1.0,1,closed
CA,32.901049,-117.192656,92121,San Diego,1,8/2/2008,2/17/2010,2/6/2013,1.5452,4.5178,1.663,4.9178,6,4,71400000,3,1,0,0,0,0,cleantech,0,0,0,0,0,0,0,0,0,1,1,0,1,0,0,0,2.6667,1,acquired
CA,37.779281,-122.419236,94103,San Francisco,1,1/1/2008,10/16/2008,4/26/2012,0.7918,4.3205,3.9753,3.9753,5,3,25500000,1,1,0,0,0,0,cleantech,0,0,0,0,0,0,0,0,0,1,0,0,1,1,0,0,2.6667,1,acquired
CA,39.78373,-100.445882,94040-2573,Mountain View,1,1/1/2005,11/10/2010,9/11/2012,5.8603,7.6986,5.8603,7.6712,28,4,28932322,3,1,0,0,0,0,advertising,0,0,0,0,1,0,0,0,0,0,1,0,0,0,1,0,2.6667,1,acquired
CA,37.775196,-122.419204,94105,San Francisco,1,1/15/2007,1/1/2008,10/1/2012,0.9616,5.7151,6.0438,6.8849,18,6,35200000,3,1,0,0,0,0,analytics,0,0,0,0,0,0,0,0,0,1,1,0,1,1,1,0,2.3333,1,acquired
MA,42.504817,-71.195611,1803,Burlington,0,1/1/2000,3/14/2005,2/11/2008,5.2027,8.1178,8.0055,8.0055,2,2,10000000,1,0,0,1,0,0,public_relations,0,0,0,0,0,0,0,0,0,1,1,0,0,0,1,0,2.5,1,closed
CA,37.428087700000006,-122.143368,94025,Menlo Park,1,1/8/2008,9/26/2008,9/22/2011,0.7178,3.7068,0.537,3.6274,11,3,22100000,4,1,0,0,0,0,analytics,0,0,0,0,0,0,0,0,0,1,1,0,1,1,0,0,2.6667,1,acquired
MA,42.485093,-71.43284,1720,Acton,1,1/1/2001,1/20/2004,6/22/2010,3.0521,9.4767,1.0,1.0,4,5,33000000,1,0,0,1,0,0,mobile,0,0,1,0,0,0,0,0,0,0,1,0,0,1,1,1,2.0,1,acquired
CA,37.400115,-122.052208,94303,Mountain View,1,1/1/2001,4/19/2007,4/19/2007,6.2986,6.2986,6.0027,6.0027,9,1,15000000,1,1,0,0,0,0,biotech,0,0,0,0,0,0,0,1,0,0,0,0,0,0,0,0,3.0,1,acquired
CA,37.2624049,-121.95770520000002,95008,Campbell,1,1/1/2000,12/7/2006,2/25/2009,6.937,9.1589,6.0055,6.0055,6,3,13000000,1,1,0,0,0,0,mobile,0,0,1,0,0,0,0,0,0,0,0,0,0,0,0,1,3.0,1,acquired
CA,37.293687,-121.934573,95008,Campbell,1,1/1/2004,12/19/2005,3/12/2007,1.9671,3.1945,2.2493,2.2493,5,2,12800000,1,1,0,0,0,0,mobile,0,0,1,0,0,0,0,0,0,0,0,0,1,1,0,0,2.5,1,acquired
NY,40.73901,-73.997259,10011,New York,0,11/1/2007,1/1/2008,8/12/2011,0.1671,3.7808,3.8356,6.1178,6,2,626096,3,0,1,0,0,0,mobile,0,0,1,0,0,0,0,0,0,0,1,0,1,0,0,0,1.0,1,closed
MA,42.3751,-71.105616,2139,Cambridge,1,6/1/2008,4/1/2008,1/24/2012,-0.1671,3.6493,4.1507,4.6849,12,4,20350000,3,0,0,1,0,0,analytics,0,0,0,0,0,0,0,0,0,1,0,1,1,1,0,0,3.75,1,acquired
CA,37.404788,-121.940842,95134,San Jose,0,1/1/2004,10/12/2009,10/12/2009,5.7836,5.7836,2.0027,2.0027,1,1,10000000,1,1,0,0,0,0,hardware,0,0,0,0,0,0,0,0,0,1,1,0,0,0,0,0,3.0,1,closed
CA,37.4210225,-122.1377411,94301,Palo Alto,1,1/1/2011,7/27/2011,7/27/2011,0.5671,0.5671,0.5671,2.3534,5,1,425000,3,1,0,0,0,0,web,0,1,0,0,0,0,0,0,0,0,0,1,0,0,0,0,2.0,1,acquired
CA,35.966068,-115.118671,95066,Scotts Valley,1,1/1/2003,5/12/2008,12/22/2010,5.3644,7.9781,5.2521,5.2521,5,3,37891054,1,1,0,0,0,0,semiconductor,0,0,0,0,0,0,0,0,0,1,1,0,0,1,1,0,3.0,1,acquired
CA,32.833501,-117.26162,92037,La Jolla,1,1/1/2004,2/1/2005,10/4/2011,1.0877,7.7616,6.8849,6.8849,9,5,40000000,1,1,0,0,0,0,mobile,0,0,1,0,0,0,0,0,0,0,1,0,1,1,1,0,4.0,1,acquired
CA,34.048857,-118.251343,90245,El Segundo,1,9/1/2007,5/14/2008,10/16/2009,0.7014,2.126,2.4027,4.0548,10,3,5550000,4,1,0,0,0,0,games_video,0,0,0,0,0,1,0,0,0,0,0,0,1,1,0,0,3.0,1,acquired
CA,37.78699829999999,-122.400893,94107,San Francisco,1,1/1/2010,8/1/2010,8/1/2010,0.5808,0.5808,0.0,2.1315,3,1,770000,3,1,0,0,0,0,mobile,0,0,1,0,0,0,0,0,0,0,0,1,0,0,0,0,6.0,1,acquired
TX,32.960431,-96.83026,75001,Addison,0,9/1/2006,10/10/2006,5/26/2011,0.1068,4.7342,0.0,0.0,0,4,19550000,0,0,0,0,1,0,consulting,0,0,0,0,0,0,0,0,1,0,1,0,1,0,0,0,1.0,1,closed
CA,40.730646,-73.986614,94111,San Francisco,1,10/1/2007,3/24/2009,12/31/2009,1.4795,2.2521,2.2521,2.2521,6,2,4000000,1,1,0,0,0,0,web,0,1,0,0,0,0,0,0,0,0,1,0,0,0,0,0,1.0,0,acquired
VA,38.92719,-77.21696899999998,22102,McLean,1,3/1/2004,4/1/2005,12/24/2009,1.0849,5.8192,6.3507,9.4411,14,4,42000000,4,0,0,0,0,1,web,0,1,0,0,0,0,0,0,0,0,0,0,1,1,1,0,2.3333,1,acquired
CO,39.6350086,-106.5213459,81620,Avon,0,1/1/2005,8/27/2008,8/27/2008,3.6548,3.6548,0.0,0.0,0,1,1900000,0,0,0,0,0,1,other,0,0,0,0,0,0,0,0,0,1,0,0,1,0,0,0,1.0,1,closed
CA,33.570171,-117.710676,92656,Aliso Viejo,1,11/1/2008,1/5/2010,7/20/2011,1.1781,2.7151,2.5178,3.6685,21,3,45039999,3,1,0,0,0,0,games_video,0,0,0,0,0,1,0,0,0,0,0,0,1,1,1,0,3.6667,1,acquired
CA,37.779281,-122.419236,94110,San Francisco,0,1/1/2006,7/13/2010,7/13/2010,4.5315,4.5315,5.5288,5.5288,1,1,1310000,1,1,0,0,0,0,news,0,0,0,0,0,0,0,0,0,1,1,0,0,0,0,0,4.0,1,closed
OR,45.520247,-122.674195,97224,Portland,1,1/1/2001,1/1/2008,1/1/2008,7.0027,7.0027,7.6712,7.6712,3,1,3000000,1,0,0,0,0,1,hardware,0,0,0,0,0,0,0,0,0,1,0,0,1,0,0,0,3.0,0,acquired
CA,37.504764,-122.259568,94085,Sunnyvale,1,1/1/2008,1/1/2008,6/15/2011,0.0,3.4548,2.0247,3.9753,9,4,36000000,3,1,0,0,0,0,software,1,0,0,0,0,0,0,0,0,0,0,0,1,1,1,1,3.0,1,acquired
CA,37.445586,-122.161929,94301-1705,Palo Alto,1,5/1/2010,6/30/2010,6/30/2010,0.1644,0.1644,1.4822,1.4822,3,1,3000000,1,1,0,0,0,0,software,1,0,0,0,0,0,0,0,0,0,1,0,0,0,0,0,1.0,0,acquired
CA,37.7710177,-122.4025976,94103,San Francisco,0,6/1/2007,1/31/2008,1/31/2008,0.6685,0.6685,0.7973,5.2849,1,1,1300000,3,1,0,0,0,0,web,0,1,0,0,0,0,0,0,0,0,0,1,0,0,0,0,8.0,1,closed
AR,34.748528,-92.287158,72201,Little Rock,0,1/1/1997,10/1/2006,10/1/2006,9.7534,9.7534,9.7534,9.7534,1,1,50000,1,0,0,0,0,1,software,1,0,0,0,0,0,0,0,0,0,1,0,0,0,0,0,1.0,0,closed
NY,40.74406,-74.004592,10012,New York,1,2/1/2006,5/14/2012,5/14/2012,6.2849,6.2849,5.7507,7.3068,15,1,6500000,3,0,1,0,0,0,web,0,1,0,0,0,0,0,0,0,0,0,0,1,0,0,0,8.0,1,acquired
MA,42.3751,-71.105616,2142,Cambridge,1,1/1/2011,9/7/2011,4/23/2012,0.6822,1.3096,0.3288,2.5945,5,2,4600000,2,0,0,1,0,0,advertising,0,0,0,0,1,0,0,0,0,0,0,1,1,0,0,0,9.0,1,acquired
MA,42.391389,-71.270987,2451,Waltham,1,1/1/2005,2/15/2007,1/7/2011,2.1233,6.0192,2.0,6.5123,5,3,21900000,2,0,0,1,0,0,software,1,0,0,0,0,0,0,0,0,0,1,0,1,1,0,0,1.6667,1,acquired
NY,40.730646,-73.986614,10010,New York,1,6/5/2008,12/1/2008,12/1/2008,0.4904,0.4904,1.1808,1.1808,6,1,240000,1,0,1,0,0,0,games_video,0,0,0,0,0,1,0,0,0,0,0,1,0,0,0,0,2.0,1,acquired
CA,32.9388917,-117.2398594,92130,San Diego,1,1/1/2005,1/1/2005,4/20/2010,0.0,5.3014,5.0027,5.0027,17,4,34700000,1,1,0,0,0,0,software,1,0,0,0,0,0,0,0,0,0,1,0,1,1,0,0,2.25,1,acquired
IL,41.808458,-88.073008,60188,Lisle,1,5/10/2004,8/1/2005,3/23/2010,1.2274,5.8712,3.6466,6.6959,4,4,33000000,2,0,0,0,0,1,software,1,0,0,0,0,0,0,0,0,0,1,0,1,1,1,0,5.3333,1,acquired
NY,40.7908157,-73.9722939,10013,New York,0,9/1/2010,12/20/2011,2/18/2013,1.3014,2.4685,0.0,2.4685,3,2,1800000,2,0,1,0,0,0,education,0,0,0,0,0,0,0,0,0,1,1,1,0,0,0,0,5.0,1,closed
CO,40.01621,-105.28131,80302,Boulder,1,1/1/2006,1/1/2006,8/27/2009,0.0,3.6548,3.1507,5.3123,14,3,27300000,4,0,0,0,0,1,advertising,0,0,0,0,1,0,0,0,0,0,0,0,1,1,1,0,3.0,1,acquired
CA,37.440682,-122.123103,94303,Palo Alto,0,1/1/2007,2/18/2010,4/1/2012,3.1342,5.2521,3.1342,3.5425,6,2,6760000,2,1,0,0,0,0,web,0,1,0,0,0,0,0,0,0,0,1,0,0,0,0,0,1.5,1,closed
CA,37.31679000000001,-122.05079,95014,Cupertino,1,1/1/2000,1/1/2000,6/30/2006,0.0,6.4986,0.337,10.0082,24,3,26914000,3,1,0,0,0,0,software,1,0,0,0,0,0,0,0,0,0,0,0,1,1,1,0,6.0,1,acquired
CA,37.354469,-121.990433,95051,Santa Clara,1,1/1/2002,10/3/2005,10/3/2005,3.7562,3.7562,0.0,0.0,1,1,27500000,0,1,0,0,0,0,semiconductor,0,0,0,0,0,0,0,0,0,1,0,0,0,0,1,0,7.0,1,acquired
TX,29.758938,-95.367697,77046,Houston,0,1/1/2003,4/12/2007,4/12/2007,4.2795,4.2795,0.0,0.0,4,1,9000000,0,0,0,0,1,0,other,0,0,0,0,0,0,0,0,0,1,0,0,0,0,0,1,2.0,1,closed
CA,37.336191,-121.890583,95110,San Jose,0,1/1/2006,1/13/2010,1/13/2010,4.0356,4.0356,-7.0055,-7.0055,3,1,954000,1,1,0,0,0,0,public_relations,0,0,0,0,0,0,0,0,0,1,1,0,0,0,0,0,1.0,0,closed
CA,59.3352318,18.0571206,95054,Santa Clara,1,1/1/2000,4/20/2005,8/14/2008,5.3041,8.6247,0.0,0.0,4,3,53000000,0,1,0,0,0,0,semiconductor,0,0,0,0,0,0,0,0,0,1,0,0,0,0,1,1,4.6667,1,acquired
CA,37.563585,-122.324621,94410,San Mateo,1,1/1/2004,5/1/2006,9/3/2010,2.3315,6.6767,6.9589,8.9342,17,4,23100000,3,1,0,0,0,0,social,0,0,0,0,0,0,0,0,0,1,1,0,1,1,1,0,2.0,1,acquired
CA,37.782809,-122.394354,94103,San Francisco,1,1/1/2006,1/1/2007,6/14/2012,1.0,6.4548,6.5342,7.0055,28,4,108900000,2,1,0,0,0,0,cleantech,0,0,0,0,0,0,0,0,0,1,0,0,1,1,1,0,7.5,1,acquired
CA,37.3867729,-122.07522240000002,94041,Mountain View,1,1/1/2005,11/1/2005,12/8/2008,0.8329,3.937,3.4822,7.6658,26,4,55000000,5,1,0,0,0,0,web,0,1,0,0,0,0,0,0,0,0,0,0,1,1,1,1,2.75,1,acquired
NY,40.729839,-73.991781,10003,New York,1,4/1/2009,5/1/2010,2/7/2012,1.0822,2.8548,1.611,4.5096,9,2,5686383,3,0,1,0,0,0,mobile,0,0,1,0,0,0,0,0,0,0,0,0,1,0,0,0,2.0,0,acquired
CA,37.658713,-122.399382,94080,South San Francisco,0,1/1/2004,6/11/2008,1/30/2012,4.4466,8.0849,6.5863,6.5863,4,6,49008830,1,1,0,0,0,0,biotech,0,0,0,0,0,0,0,1,0,0,1,0,1,0,1,0,3.0,1,closed
CA,37.780134,-122.396744,94107,San Francisco,1,4/22/2005,11/29/2006,11/7/2008,1.6055,3.5479,0.0,0.0,10,3,32200000,0,1,0,0,0,0,mobile,0,0,1,0,0,0,0,0,0,0,0,0,1,1,1,0,4.0,1,acquired
TX,29.739322,-95.444747,77027,Houston,0,10/1/2006,1/15/2008,1/15/2008,1.2904,1.2904,7.1233,7.1233,3,1,2000000,1,0,0,0,1,0,web,0,1,0,0,0,0,0,0,0,0,0,0,1,0,0,0,1.0,0,closed
NY,40.750519,-73.993494,10001,New York,1,1/1/2007,3/19/2010,3/19/2010,3.2137,3.2137,3.0027,4.6219,5,1,2700000,2,0,1,0,0,0,games_video,0,0,0,0,0,1,0,0,0,0,0,0,1,0,0,0,2.0,1,acquired
WI,43.090756,-89.522805,53562,Middleton,0,12/3/2004,1/19/2010,1/19/2010,5.1315,5.1315,3.1616,8.5123,6,1,2000000,2,0,0,0,0,1,advertising,0,0,0,0,1,0,0,0,0,0,0,0,1,0,0,0,2.0,0,closed
NY,40.7429533,-73.98446109999998,10018,New York,1,9/6/2006,9/6/2006,8/10/2010,0.0,3.9288,2.9151,5.7342,16,3,18000000,3,0,1,0,0,0,advertising,0,0,0,0,1,0,0,0,0,0,1,0,1,1,0,0,2.3333,1,acquired
WA,47.802184,-122.196307,98021,Bothell,1,1/1/2000,8/17/2005,10/2/2008,5.6301,8.7589,8.5041,8.7589,9,5,122500000,2,0,0,0,0,1,mobile,0,0,1,0,0,0,0,0,0,0,1,0,0,0,1,1,5.6,1,acquired
CA,37.7405936,-122.3764714,94107,San Francisco,1,1/1/2009,7/9/2009,7/9/2009,0.5178,0.5178,0.5808,4.526,9,1,1100000,2,1,0,0,0,0,advertising,0,0,0,0,1,0,0,0,0,0,0,0,1,0,0,0,6.0,1,acquired
MA,42.504817,-71.195611,1803,Burlington,0,1/1/1998,4/1/2005,3/23/2007,7.2521,9.2274,6.0027,6.0027,1,3,52000000,1,0,0,1,0,0,security,0,0,0,0,0,0,0,0,0,1,1,0,0,1,0,0,2.6667,1,closed
CA,37.408261,-122.01592,94089,Sunnyvale,0,1/1/1999,6/29/2007,6/29/2007,8.4959,8.4959,9.0055,9.0055,5,1,44000000,1,1,0,0,0,0,biotech,0,0,0,0,0,0,0,1,0,0,0,0,0,0,0,1,8.0,1,closed
CA,37.556732,-122.288378,94404,San Francisco,1,1/1/2009,10/5/2009,11/1/2011,0.7589,2.8329,0.7589,3.8356,12,2,15500000,2,1,0,0,0,0,software,1,0,0,0,0,0,0,0,0,0,0,0,1,1,0,0,1.0,1,acquired
CA,37.386778,-121.966277,95054,Santa Clara,1,1/1/2003,2/13/2006,2/13/2006,3.1205,3.1205,4.0027,4.0027,4,1,20000000,1,1,0,0,0,0,security,0,0,0,0,0,0,0,0,0,1,0,0,0,1,0,0,3.0,1,acquired
